jin-cha-63 , 那你加油。。。。人们总是幻想一些无人做到的事来证明自己的与众不同与伟大。。。。不过希望你在经历了这一切之后仍然保持对数学的热爱
bie-hua-28-26 , 证明出哥德巴赫猜想的人的微博找到了，@带带大师兄，大家快去围观啊
xiu-wu-xing-guo , 同学你好，我想用一张图来回答你的问题。有梦想是好的，但是必须从实际出发，首先让我们看看数学的深渊我们究竟探索多少吧。不过我还是很期待你的证明，也许的确可以为哥德巴赫猜想的证明带来新思路。做为你的同龄人，我想对你说：初生牛犊不怕虎，加油吧。但也请同学你铭记，在仰望星空的同时也不要忘了脚踏实地。更新刚刚看了题主的言论，就过来更新一下。。。之前还不知道题主说要一月一号直播证明过程，我想很多知友都看过《三体》吧，我觉得其中有一句话说的很好：弱小和无知，不是生存的障碍，傲慢才是。我想这句话用在这里比较合适。数学的研究和证明，决不能骄傲自满，更对不是以制造噱头为目的的，而是真真正正热爱并投入其中。在我看来，要做好研究，首先就要耐得住寂寞，要对自己的研究成果反复进行验证计算，确保万无一失以后，才能拿出来在公众场合发表。反观题主，在回答一些答主的答案时，并没有对这些答主给出的问题进行正面的回答，而是说：“我的证明过程比他简单。”请问这样的回答怎能有说服力呢？未免有些傲慢和轻浮。广大知友也不知道题主证明过程的正确性，题主却说要直播发表论文，这就难免有些傲慢和制造噱头的氛围在其中了。题主究竟是怎么证明的，令我有些怀疑。其次，题主带有过高的功利性对待哥德巴赫猜想的证明。题主做这项研究的目的就是为了上清华北大，我只能说题主的功利心有点过强了。请题主看看现在的许多诺奖得主和世界上有名的大数学家，哪一个不是忍受住了寂寞，抵御了外界的许多诱惑，潜心研究多年得出了宝贵研究成果?我想反问一下题主：“如果我明确告诉你上不了清华北大，那么你还会认真研究哥德巴赫猜想的证明过程吗?”还是请提主为了研究而研究，少一点功利性吧。真正要做出成果的话，还是请题主埋头苦干吧。毕竟有一句老话说得好“闷声发大财”真正研究出成果的科学家，绝不是像题主这样在知乎上公开发表这样的言论的，他们只会日复一日、年复一年的以严谨的态度进行着研究和计算，在确保无差错以后再将自己的成果公之于众。所以我建议提主要学习一下他们这样的精神和态度，才能在数学研究方面有长足发展。最后，还是想告诉题主一句话：冰冻三尺，非一日之寒；铁杵成针，非一日之功；滴水穿石，非一日之力。希望题主能以严谨和不浮于表面的态度来对待自己的学习和研究，多学习，多积累，多听取其他知友的有益建议。12.29 更新先感谢一下各位知友的赞啦！首先想说一下关于这张名为“数学的深渊”图片的问题：图片是从网络上找的一张图片，大部分还是属于娱乐的性质的。细究此图，其中对数学这门学科所包含的内容和不同科目之间难度的理解与划分肯定是存在许多不妥之处的。而我在回答里用这张图的目的，是为了告诉题主在数学的学习中要探索的东西还是很多，罗马不是一日建成的，我们许多人也不可能像武侠小说里的天才一样，在一瞬间打通自己的“任督二脉”成为绝世高手的。更多的我想应该是通过我们对知识的不断的学习和积累，一步一步地靠近自己的梦想，达到常人所难以企及的高度吧（股票预测除外2333）这也是在这里我引用这张图片的意义所在。其次，根据题主老师所说的题主偏科的情况，我想结合自己在大学的生活与感受，给出一点建议（此处感谢知友 @bby ）：题主不妨在接下来的时间里，努力学习一些平时不太好的的学科，纠正偏科。通过高考，考上一个好的大学，再来谈证明哥德巴赫猜想的梦想。为什么我会这么说呢？我也是经历了高考的学生，来到大学以后才发现大学和高中的教学模式是完全不一样。高中的时候可能更多的是“填鸭式”教育，是为了学生高考考出好成绩的一种教育方式，学生在高中接触到的知识面和可以利用的资源都是非常有限的。但是大学和高中是有着千差万别的，大学的教学模式远远比高中要开放自由的多，在大学你会发现有很多时间来从事自己热爱的事情，发展自己的兴趣爱好（亲身体会）在大学，题主你会发现接触到的知识面也会更广，可以供你使用的资源那也远远比高中多，在你能够完成自己学业的情况下，只要题主你愿意探究，我相信大学的老师和教授应该是会支持题主你的研究的，说不定你还会碰到一群和你一样拥有梦想的志同道合的人，组成一个小团队，共同研究、探索，一起面对证明道路上的困难,一起享受成功的喜悦。而在高中的话可能周围的同学都忙于高考，无暇进行这些研究，老师也可能不会太支持你，一个人进行这样难度的问题的研究是很困难的，因为高中生的首要任务还是备战高考吧。所以我认为，题主你应该先纠正偏科，考上一个好的大学，这样你追梦的道路才会更加宽广、前途才会更加光明。最后，我看到这个问题的回答下有一部分知友嘲讽、一部分质疑、当然也少不了吃瓜围观的知友。但是，我希望在一月一号到来之前，大家都能够冷静客观的看待题主的言论和提出的问题，一切等到最终尘埃落定以后再给出一个公允不失偏颇的评价吧。
shou-shi-shou-shi-41-41 , 骗流量，蹭热度而已直接两开花好了谣言止于智者，散了吧何必浪费时间呢？
 , 如果题主真的证明出哥德巴赫猜想，那将在数学史上留下色彩浓厚的一笔。（前提是得到专家们的认可)保送清北是不大可能了，直接会被大佬机构预定，会满足你合理的条件…………………………………………………………………………作为某二本院校（拉低知乎平均学历）应用数学专业狗，从理论上来说，这不大可能，但从个人情感来说，我希望这是真的等明年1月1号
xu-jian-wei-15 , 讲真，别说清北了，估计你们省文教领导都得慰问一下，而且2019年科学院院士应该会有你的名字。
monoo-44 , 证明了哥德巴赫猜想，清北还算个锤子？
xiao-fei-pai , 讲道理，哥德巴赫猜想一般不会被高中生证明，我也不会。我只想说一下自己的想法，希望题主脚踏实地其实当年我有些中二，（羞耻）也是希望自己就用现有的知识和想法来完成一道世界性难题，我也希望自己能够一飞冲天，成为什么什么厉害的人物。（其实现在也有些。。。）但是，这是不可能的，现在的科学知识已经不是一个区区高中生能够掌握的了，现在其实每天都会有新的发现，而且这些发现是很难以理解的，一个专注于小领域的博士生都觉得很吃力，何况一个高中生？微积分，概率论这tm都是一百年前的东西一个高中生都不清楚，怎么能解决一个重大的问题呢？其实这是眼界的问题，我在高中的时候，我就知道那些历史书上的内容，什么饶毅什么施一公潘建伟我都不知道，自己只知道的东西就在自己的课桌上，现在到了大学才明白我们的世界不止教科书，论文那么多，我们的世界有很多未知的东西，而且很多厉害的人正在探究他们。（而且这些厉害的人的月工资都比较少。。。）我希望题主能够进入一个好的大学，不断学习，如果你真的有解决的哥德巴赫问题的勇气和毅力，那现在对于你而言就是进入好的大学，扩宽眼界，看看世界，再看看自己，再来看看自己能够做什么？不能够做什么？我希望题主不是只是在知乎上提出一个这样的问题，我希望题主用自己的行为来证明自己。
miji100 , 哥德巴赫被证明了，题主立功了！他继承了民科的光荣的传统。高斯、伽罗华、欧拉、拉格朗日在这一刻灵魂附体！题主代表了民科悠久的历史和传统，在这一刻他不是一个人在战斗，他不是一个人！
wen-zi-93-23 , 能的，问题是你想不想去。北大清华并不牛逼，老师教育水平也不见得说比别的985 211的教授厉害多少，关键还是学生，一群一直都是顶尖的学生最后汇聚的学校，我相信只要学校正常，都成为顶级学校
huang-shi-ji-81 , 不说保送了直接聘为教授，不干活吃白饭那种都行啊，而且还是两个学校争着抢着。
lian-yu-ren-jian-51 , 清华：地方太小，容不下您这尊大佛
wang-yuan-qing-31-43 , 我在复习概率论。。。就给我看到这个问题。。
liu-ming-yu-37-63 , 这样如果题主2019年1月1日如期发表论文并正确证出哥德巴赫猜想了我将从  关注我/在此帖下回复我     的人们中随机抽奖抽出一人 送iPhone Xs Max/华为 mate20 pro（那个人可自己选）再随机抽10人发666元现金红包（毕竟，要是题主正确证明了，我等有幸见证伟人和奇迹诞生，太值得庆贺啦，我一个穷人破破费给大家乐上加乐，荣幸至极。）如果题主没有正确证出哥德巴赫猜想我们取关他取关问题并举报他怎么样我很真诚的！（严肃脸）
wang-bo-15-53-35 ,  睡前阅读随手翻到的
fu-qin-mao , 这就类似“如果我成为了阿里巴巴的董事长，那我的工资能够满足我在五星级酒店开Party吗？”首先，五星级酒店消费的确很高，想包场开Party的话更需要大量资金支持——可这些支出对于一位“阿里巴巴集团的董事长”而言完全是九牛一毛；其次，如果已经成为了“董事长”，那收入来源也不是“工资”了。
shen-hai-yu-wan-18 , 唉，不是想消耗一波国民科研热情，赚自己的流量，就是盲目自信。因为每年都会涌现的大批民科，我对这件事不抱有乐观的看法。但是，知乎人真的这么闲吗？这样笑笑就过的东西…怎么那么多人来关注……希望到时候的网友们的追击能给对方留点情面吧。当然，最好的结局是我们被挂起来打脸。
yang-zong-yuan-39-20 , 知乎上问题越来越离谱了
yu-sheng-de-di-yi-tian , 这个问题争执得我的头都痛了。我觉得这并没有有些人说的那么夸张的程度，他错了，告诉他错了就行了，我并没有觉得他侮辱了科学家侮辱了数学。如果他真的是为了装逼提出了这个问题，那么现在这么多人正儿八经的把这事提出来争执，那不就达到他的目的了？每个人的想法不一样，我理解不了为什么你们选择这样去嘲讽他，但是看了那么多评论大概也有种模糊的概念了。在你们看来他真的那么不可理喻的话，直接忽视他难道不更好吗？如果直接不理会他他不过是个跳梁小丑根本不会有人在意他，正是因为你们这么多人正儿八经的把这事拎出来说了去争执了，才显得他说他证明出了哥德巴赫猜想这件事真的成了一件事了【不知道能不能懂我的意思orz】你们可以选择去嘲讽他，但是在我自己看来，可以但没必要。--------------下面是原答案---------------看了一些答案，有些人在嘲讽提问者，我就emmmm，不管提问者是不是年轻气盛心高气傲还是中二病初生牛犊不怕虎，至少在很多人每天很丧的生活，每天在床上躺尸【我自己╭(°A°`)╮】的情况下，他愿意在这上面去花功夫去研究，不管结果怎么样，我觉得这是很棒的事啊。为什么偏要去嘲讽他呢？对一个高中生抱有善意很难吗？？？不管最后他有没有证明出来，希望他能被大家温柔以待(ง •̀_•́)ง
huang-shi-ji-81 , 不说保送了直接聘为教授，不干活吃白饭那种都行啊，而且还是两个学校争着抢着。
 , 这事儿……有的人还是别打着什么“指导”“教小孩子认清现实”这种高高在上其实满含不屑的旗号发一些恶毒的回答吧。专业问题有数学大牛讨论解决，你们搁这儿狂欢实在是……丢人。
qiao-xie-yan , 第一次答题，也不是很懂，就是想说有些评论的人戾气太重了，觉得他就是来博关注的，应该平躺任人嘲。我个人觉得这就是一个年轻气盛的高中生，不服输，一根筋，可能确实证明出来了一些东西，不想就这么平庸下去，因为看上面好像是说他严重偏科来着吧，就想靠自己的证明赌一把。对数学有这种兴趣是个好事，他一月一日发出来的证明不全面或者是根本不对也不该被这样嘲讽吧，至少他比大部分人都有勇气了些，何必说这么重的话来伤害别人呢。
booom-21 , 应该会被报送教授吧（滑稽）
dao-xie-ban-hu-ming-yue , 惊闻题主收藏此答案，本人不胜惶恐。若此答案对您的数学研究之路略起了绵薄之力，本人荣幸之至—————————————————————————思来想去，觉得某知友说得对，这种可能让数学腾飞的足以写进世界通史的科学发现，不能固步自封，必须得与世界上其他优秀数学研究者进行交流才可。故特此更新一下榜单，本人对真实性与专业性概不负责。（都说了不负责还吹毛求疵本来就是乐一乐的答案竟然还有来讨论这个榜单的真是。。）根据USNews 2018全球大学数学学科排名世界排名大学名称所在国家（地区）第1位巴黎第六大学法国第2位斯坦福大学美国第3位普林斯顿大学美国第4位麻省理工学院美国第5位加州大学伯克利分校美国第6位牛津大学英国第7位纽约大学美国第8位哈佛大学美国第9位剑桥大学英国并列第10位苏黎世联邦理工学院瑞士并列第10位芝加哥大学美国第12位哥伦比亚大学美国第13位德克萨斯大学奥斯汀分校美国第14位加州大学洛杉矶分校美国第15位明尼苏达大学双城分校美国第16位德克萨斯A&amp;M大学美国第17位威斯康星大学-麦迪逊分校美国第18位帝国理工学院英国并列第19位北京大学中国并列第19位密西根大学安娜堡分校美国第21位伊斯兰阿萨德大学伊朗第22位洛桑联邦理工学院瑞士第23位华威大学英国并列第24位布朗大学美国并列第24位杜克大学美国并列第26位宾夕法尼亚州立大学大学园校区美国并列第26位波恩大学德国第28位巴黎第七大学法国第29位罗格斯新泽西州立大学美国第30位华盛顿大学美国第31位复旦大学中国并列第32位巴黎第十一大学法国并列第32位米兰大学意大利第34位香港中文大学中国香港第35位不列颠哥伦比亚大学加拿大并列第36位巴黎综合理工大学法国并列第36位罗马大学意大利并列第36位成均馆大学韩国并列第39位南开大学中国并列第39位上海交通大学中国并列第39位圣保罗大学巴西第42位京都大学日本第43位新加坡国立大学新加坡第44位天主教鲁汶大学比利时第45位北京师范大学中国第46位宾夕法尼亚大学美国并列第47位多伦多大学加拿大并列第47位维也纳大学奥地利第49位佐治亚理工学院美国第50位加州理工学院美国第51位伊利诺伊大学厄本那-香槟分校美国并列第52位香港理工大学中国香港并列第52位清华大学中国第54位东京大学日本第55位北卡罗来纳州立大学罗利分校美国第56位以色列理工大学以色列第57位加州大学圣地亚哥分校美国第58位莫斯科国立大学俄罗斯第59位里斯本大学葡萄牙第60位艾克斯-马赛大学 法国并列第61位香港城市大学中国香港并列第61位巴黎高等师范学院法国并列第61位密歇根州立大学美国第64位普渡大学西拉法叶分校美国第65位沙特国王大学沙特阿拉伯第66位浙江大学中国第67位中国科技大学中国第68位慕尼黑大学德国第69位北卡罗来纳大学教堂山分校美国第70位米兰理工大学意大利第71位布拉格查理大学捷克共和国第72位俄亥俄州立大学美国第73位维多利亚大学加拿大第74位南京大学 中国第75位新南威尔士大学澳大利亚第76位巴黎第九大学法国第77位柏林工业大学德国并列第78位都灵理工大学 意大利并列第78位贝尔格莱德大学塞尔维亚第80位慕尼黑工业大学德国第81位厦门大学中国第82位格拉纳达大学 西班牙并列第83位帕维亚大学意大利并列第83位耶鲁大学美国第85位华沙大学波兰第86位首尔国立大学韩国并列第87位安提里姆大学土耳其并列第87位圣彼得堡国立大学俄罗斯第89位莱斯大学美国第90位康奈尔大学美国并列第91位柏林洪堡大学德国并列第91位巴斯大学 英国第93位加州大学戴维斯分校美国并列第94位卡内基梅隆大学美国并列第94位中山大学中国第96位希伯来大学以色列第97位阿米尔卡比尔理工大学伊朗第98位哥廷根大学德国第99位塞维利亚大学西班牙第100位维也纳技术大学奥地利题主随便选，菲尔兹奖阿贝尔奖都拿过后可以去以上随意一所大学任教，保证你能尽自己的全力在世界数学史上留下自己浓墨重彩的一笔，不对，是一页，也不对，我觉得可能一百年后世界数学史会专门为你开辟一个章节。—————————————————————————以下为原答案—————————————————————————你们没发现吗，这位仁兄ID叫做证明。所以我现在在想，应该是这样。本人（主语）证明（同位语，和“本人”同时作为“我”的代称）出（动词，我理解为发表，写，理解）了（表示已完成）哥德巴赫猜想（宾语）。意思就是“我”出了一个叫做“哥德巴赫猜想”的东西，可能是一本书，也可能是一个册子，也可能是一本画册。但是，如果我理解错误了，敬请指教。我实在是想不到别的理解方式了。当然了，如果你真的惊世骇俗了，以下拿走不谢。（以下资料均来自各学校数学相关院系官网，公开资料不存在侵权情况，持续待更）中国科学院数学与系统科学研究院（谢 @Kiiim 指正）电话：86-10-82541777　传真：86-10-82541972　Email：contact@amss.ac.cn地址：北京市海淀区中关村东路55号　邮政编码：100190北京大学数学学院地 址: 北京市海淀区北京大学理科1号楼邮 编: 100871联系电话：010-62751804邮 箱：mathweb@math.pku.edu.cn复旦大学数学科学学院电话：+86(21)65642341 传真：+86(21)65646073清华大学数学科学系 地址：北京市海淀区清华园1号 邮编：100084电话：010-62783140传真：010-62792401中国科学院大学数学科学学院地址：北京市石景山区玉泉路19号（甲） 邮编:100049（席先生，，算了你尽量别打扰他了）中国科技大学数学科学学院通信地址：安徽省合肥市金寨路96号，中国科学技术大学数学科学学院邮编：230026国内区号：0551常用电话行政办公室：63607263 教学办公室：63601003(本科生)   63601006(研究生)  党委办公室：63601004数学图书分馆：63601008传真：63601005（原缺，现补足）南开大学数学科学学院 | 地址：天津市卫津路94号 | 邮编：300071| 电话：022-23504717（只要你证出来了，我请你吃遍天津名吃。）（哈哈哈话虽这么说不过也轮不到我请啦）山东大学数学学院 网址：http://www.maths.sdu.edu.cn地址：济南市山大南路27号 | 邮编：250100 |电话：0531-88364652 | 传真：0531-88365550（熊庆来等着你）浙江大学数学科学学院邮箱：mathadmin@zju.edu.cn 邮编：310027 电话：0571-87953867（你可以去看看苏步青的手稿）南京大学数学系地址：中国南京市汉口路22号鼓楼校区西大楼 邮编：210093电话：86-25-83592861东南大学数学学院（本条建议略过）（略过不是因为不重要而是因为我没有搜到院系联系方式只搜到了各个办公室的联系电话，，如果真的要打电话给数学学院院长的话还是慎重思考一下吧。。曹进德老师可能实在是没时间接电话的。。）数学系办公室（四牌楼）	  025-83792315	    四牌楼	  五四楼三楼  数学系领导办公室	  025-83792316；0238	    四牌楼	  五四楼三楼北京师范大学数学科学学院地址：北京市海淀区新街口外大街19号后主楼  | 邮编：100875  | 传真：010-58808202上海交通大学数学科学学院地址：上海市闵行区东川路800号数学楼 邮编：200240电话：(86-21) 54743151传真：(86-21) 54743152Address：800 Dongchuan RD Shanghai, 200240 ChinaTelephone：(+86-21) 54743151Fax：(+86-21) 54743152中山大学数学学院广州市海珠区新港西路135号中山大学新数学楼（东南区266栋）天津大学数学学院（我不管我就是要贴）天津大学数学学院地址：天津市津南区雅观路135号第32教学楼，300350邮箱：maths@tju.edu.cn电话：+86 (0)22 27402850传真：+86 (0)22 27402850华中科技大学数学与统计学院地址：湖北省武汉市洪山区珞喻路1037号　邮政编码：430074　电话\传真：86-027-87543231　E-mail：mathhust@mail.hust.edu.cn武汉大学数学与统计学院地址：湖北省武汉市武昌区 武汉大学文理学部樱园(邮编：430070)院内办公室电话:行政办公室：68752957	党委办公室：68752966书记办公室：68752966	院长办公室：68754675科研、外事办：68752957	协同创新中心：68756753本科生教学办：68752958	本科生工作办：68754412研究生教学办：68754907	研究生工作办：68754907实验中心：68752750	院图书馆：68754679《数学杂志》编辑部：68754687	《数理医药学杂志》编辑部：18971013113（原缺，经评论区知友补充）厦门大学数学科学学院邮编：361005 电话：2580608 传真：2580608电子科技大学数学科学学院邮编：611731电话：028-61831280（院办公室）地址：电子科技大学清水河校区 主楼A1区网址：http://www.math.uestc.edu.cn中南大学数学与统计学院（应评论区要求加，但我实在没找到联系方式。仔细研究了一下官网觉得人才引进可能比较适合题主，姑且写之，以待修改）邮箱：math_dhl@csu.edu.cn;jiaoyong@csu.edu.cn联系电话：0731-88836005办公地点：湖南省长沙市中南大学新校区数理楼数学与统计学院365办公室（既然题主收藏了，那我也得做到底。持续待更）（欢迎在评论区推荐，如能附带联系方式更好）本着私心，觉得国家需要你这种三百年一遇的人才（哥猜到现在三百年了）（谢知友提醒修改），就不贴国外的了。当然了，这几个要贴。香港中文大学数学系AddressDepartment of Mathematics,Room 220, Lady Shaw Building,The Chinese University of Hong Kong,Shatin, N.T., Hong Kong Tel(852) 3943-7988 Fax(852) 2603-5154 Emaildept@math.cuhk.edu.hk URLhttp://www.math.cuhk.edu.hk/香港大学数学系https://www4.hku.hk/hkumcd/index.php/eng/unit/42_Department_of_Mathematics香港科技大学数学系http://www.math.ust.hk/about_us/contact_us.php（以上两条由知友  @五更琉璃 友情提供 ）如有冒犯，尚请海涵。最后，上图一张。
rui-sang-56 , 可以，但没必要
garfield-73-55 , 回答这个问题之前 我有几个问题想问在座诸位 如果你们能回答出来 说明你们的天赋已经达到可以回答这个问题水平如果勇士队终场得分是湖人队两倍 勇士队能否赢得这场比赛？如果我的年收入是美国gdp的十倍，我是不是世界首富？如果我能进nba名人堂 我有没有资格打cuba？
zhao-ying-cheng-61 , 当然不会啊一个能证出哥德巴赫猜想的人，还会让ta上学？学什么？
 , 如果题主真的证明出哥德巴赫猜想，那将在数学史上留下色彩浓厚的一笔。（前提是得到专家们的认可)保送清北是不大可能了，直接会被大佬机构预定，会满足你合理的条件…………………………………………………………………………作为某二本院校（拉低知乎平均学历）应用数学专业狗，从理论上来说，这不大可能，但从个人情感来说，我希望这是真的等明年1月1号
shou-shi-shou-shi-41-41 , 骗流量，蹭热度而已直接两开花好了谣言止于智者，散了吧何必浪费时间呢？
chen-zhi-cheng-97-20 , 如果题主真能证明得出，我就在本回答的评论中随机抽中一位关注我的知友，赠送Feather AS D2 不锈钢手动剃须刀一把，绝不食言。
bu-hui-you-yong-de-yu-75-14 , 不了解不清楚不偏向，静候一月一日，真理也罢，玩笑也罢，希望中国数学能发展得像古代那样辉煌，祝越来越好
benedictus-98 , 不知道大家有没有看过极限空间?提问者会不会一月一日说自己的电脑坏了，然后需要更多时间吧。。。。。。。。
 , 先不提证明了哥德巴赫猜想会怎样。假定，假定题主没有证明出来，请问，你要如何面对这成千上万的网络恶语？看戏的人多着呢。我还是建议题主道歉……是自己盲目了。你应该相信很多网友从不吝啬自己的恶毒。（似乎是第2000个回复呢）
 , 作为某校数学专业隔壁的统计系，我觉得如果你不够尊重前辈，师长，师兄们耗尽心力研究的学科，抱着我不保证对错的态度，我就要提醒你，你这本来就是对数学的不尊重，所以我觉得这些冷嘲热讽都是可以理解的，如果你要反驳的话，如果物理系的同学遇到一个说自己造出永动机，但是不保证是真的，历史系遇到一个说找到夏朝存在的证据，但也不保证是真的文物，你觉得呢？你可以去百度一下张益唐先生的生平，看看他为了不小心的错误付出了多少代价，所以，那些劝对你温和怕影响你积极性的，我想问问，科研的路上，难道不该为自己的行为付出代价？既然决定用这种最吸引眼球而不是先去咨询正确性，那么，你就该明白，风险收益并存，选择大的收益，就该准备接受大的风险。如果随随便便就放弃，那你凭什么说你有足够的热爱？如果没有热爱，凭什么要我们相信你是出于热爱而做这件事呢？高中生要学语文吧，送你一句话，与其临渊羡鱼，不如退而结网，现在羡慕别人清北，不如再努把力，好好去考一所好学校，现在后悔还来得及，你的人生还很长，高考，考研，任你挑选，而不是在这里用这种无所谓的态度对待科研，亵渎科学的严肃性忘记说了，祝你好运，少年，如果真的热爱，隔壁广阔的数学世界欢迎你
 , 没有想到这个问题引起了不少关注，甚至不少回答者做出了各色各样的回答，当然无论嘲讽，讥笑，批判，鼓励，原本以为只是个脑洞题，没想到确实是有人真实的内心问题。我无法就这个问题给出回答，但是可以反过来给予一定的思考:进入清华北大，数学方面就能做出巨大的成就吗，答案自然是否定的今年刚好是中科院20周年庆，科院回顾了相关领域的成果，摘取部分如下:席南华对仿射A型Weyl群证明了Lusztig关于基环的猜想，成为国际上很多后续工作的基础之一周向宇带领研究生解决了多复变中的“经典问题”最优L2延拓问题、证明了Demailly强开性猜想，在美国《数学评论》上被评论为“近年来多复变与代数几何领域最伟大的成就之一”“新生代”数学家田野首次给出7个千禧数学问题之一“椭圆曲线BSD猜想”的重要线索人称“论证骑士”的孙斌勇与李文威对朗兰兹纲领一系列重要问题的探索，以及青年学者黄飞敏在玻尔兹曼方程的流体力学方面，都取得了重要的突破冯康独立于西方创始了有限元方法，在国际上首次提出基于辛几何原理计算哈密尔顿体系的新方法袁亚湘等最早使用子空间技术分析计算方法，相继提出了子空间共轭梯度法、非线性优化子空间法与子空间拟牛顿法等方法。该方法被称为Dai-Yuan方法，并且与FR方法、HS方法、PRP方法并列，被认为是“四个主要方法”张平和黄飞敏团队证明了各向异性不可压缩Navier-Stokes方程整体适定性；证明了在黎曼解这一重要情形下Boltzmann方程的极限是可压缩Euler方程插一个故事（我听彭实戈讲过一个故事:他高中的时候正好哥猜流行，他的许多同学那时候也兴致勃勃，想要在这方面一展身手，但大多数后来就放弃了，后来他知识青年下乡，经常捧着一本苏联某数学课本看，周围没有几个懂数学的，不会的问题经常是跑几个村子去找能够解答的人讨论）观看他们的履历不难发现，绝大多数不是清北出身，当然北大出身自然也有做出了很多巨大成就的，但是无一例外不是在各自领域深耕数十年，现代数学的庞杂性远超过很多人的理解，提及数学绝不是只有哥猜甚至是囿于基础数学领域，大概率的结果是对于非基础数学领域的其他数学工作者，相关领域的突破要比哥猜来的重要些。如果真要证明自己的价值，不是非要攀登数学的几座顶峰，那上面容易缺氧窒息而亡，不如先爬几座山头，锻炼一下身体，在决定是否要那些方向走。
zhang-ke-xin-9-76 , 
bao-zha-pin , 如果我能单挑过哥斯拉，那我还会被村口书记儿子欺负吗？
 , 别的不说，我一个做题把复数定义给弄出来的同学，儿子考上清华的数学老师看他的眼神都不一样了，当然了，后来他嫖娼被抓就回家卖猪肉了。
fu-yitong-20 , 这怕是要保送个教授了
wo-de-12-40 , 明年年初，哥德巴赫猜想的证明即将正式证明，我继续扮批小将，我会用批小将数学形象努力创造一个哥德巴赫的形象，文数两开花 ，弘扬中华文化，希望大家能多多关注。 ​
lqcgreat , 到一月一号波函数就坍塌了 到时候大家看结果吧
lin-feng-ji-yue , 我觉得不是保送的问题，要是真的证明了出了，那就基本上世界名校请你去当终身教授了，还稀罕清北的学生了？但是要证出来这个，首先其实力雄厚，然后得配上天天中彩票的运气才行，也不知道这个高中生两点都占了吗？
robert-97-39 , 有证明哥德巴赫猜想的能力靠竞赛就能随随便便被录取了吧
xu-hui-74-79 , 这个问题就如同是在问：当我成为了世界首富，我还去街头要饭被人认出来会不会给我100块钱。
xin-xuan-38-82 , 下面一大堆人连哥德巴赫猜想,reimann zeta函数都不知道，就开始讽刺、嘲笑题主，好像他已经知道了证明过程并且推翻了一样。让我想起哥白尼被迫害，伽利略被嘲笑时的无知众人，既然啥都不懂，麻烦别急着下结论，OK？那样会显得你们很无知。还有重庆公交坠江，女司机的遭遇。当然我也不懂，但是我会保留意见。不过虽然我也不太相信证明是真的，但是当时不也很多人不相信哥白尼吗？如果有大佬表态说他的证明有误，马上删帖。没有的话，我等还是闭嘴吧。
tao-he-hua-lu-shui , 我其实真的搞不懂，为何他可以得到如此多的关注，而且看他的活动，一个还在考虑二次方程三次方次，怎么解数学压轴题的高中生……不知道如何来的自信。不过我希望如果真的是一场闹剧，请大家及时取关，以防更多的人效仿，以噱头搏关注。
 , 题主是个人才，这才几天就1w多粉丝了，很厉害。（有点期待1月2号还剩多少
lierikaoyu , 能。还能特聘为荣誉教授。类似问题还有：小学生乒乓球拿了奥运冠军能进省队不能？中学生百米9秒5能参加全运会不能？高中生拿了图灵奖能去面试码农不能？
 , 应该能去清北当校长。
 , 不行呀老师会觉得你坐着听他的课是他在班门弄斧
ou-yang-chen-cheng-70 , 赶紧占个楼..
tie-zheng-ru-shan-2-0 , 我知道给你一个键盘，你就有机会被哈佛保送
 , 占坑写点感想，不时写点有的没的___________________12.27_______________曾经大一时候有个同学言行举止异于常人不合群，喜欢天马行空，班级同学大多排斥远离他，但我却试着接近他理解他，因为他做着我内心想做而不敢做的事情，敢于在课上追问一些莫名奇妙的问题，敢于直面同学们的冷眼旁观。人是一种社会性的动物，或多或少都想渴望别人的包容和理解，后来大二他不适应校园生活休学了，的确一年来他承受了太多的不理解最终选择了休学再也没回来。他休学前和我论述的最后一个命题是"世界是由颜色构成的"并用画笔描画试图向我论证，我有自己的常识和固有思维当然下意识的排斥他的观点，出于包容和尊重，我还是依然花了半个小时听他论述。曾经我们一起谈法拉第、道自然哲学，单纯地为了论道求知而快乐，可是好景不长他大二就休学了再也没有回来，很心痛以后的日子自己再也不能天马行空地找人诉听，我慢慢也变成了一个寡言少语的学生，行为举止变得适应和中规中矩，虽然内心偶尔依然很狂野想打破体制，但最终还是顺从了体制。因为没有环境和氛围去包容学生指点江山、激扬文字，没有环境和氛围去包容学生举止诡异，而他就是这样一个言行举止怪异敢于在课上追着老师问些莫名其妙的学生，于是教室回响的是各种质疑和嘲讽的笑声和评论，而我很理解他他仅仅是思想不受拘束地平时比别人独立深入多思考了一点，进而仅仅是在好奇本能的驱使下多思考了一点，而并不是故意哗众取宠标新立异，然而却是因为"枪大露头鸟"现象被误击了，于是偌大的校园变得更加"和谐"了，不会有学生再提出那么多为什么了，老师可以减轻课堂压力安心和"一言堂"了。曾经当他被误解时我想着去帮他说话但却不敢，因为自己也担心被一起嘲笑被误击，我也想做一个敢于追着老师不放问为什么的学生，但是又每次问问题前都要深思熟虑思前想后，确定这是一个不会被嘲笑的问题后才敢问，久而久之我的好奇心也渐渐淡了思维也没有以前活跃了。他退学后，以前两个人可以畅快交流的想法也只剩下我一个人慢慢地悟与思了，只能一个人默默记录在纸上。于是余有叹焉：世有沙漠，而后有仙人掌；世有“海纳百川”、包容并放的环境和氛围，而后有奇花异草、百家争鸣、人才遍天下。再次深思“钱学林之问”，发觉互相包容是一个培育人才、人才辈出的学校必不可少的因素，互相包容个性，互相包容犯错和失败，互相包容成绩好与坏，互相包容奇思妙想和天马行空。后来经历多了才明白:要想打破体制，首先要弄懂并利用体制规则把自己的利益最大化，把自己变得强大以后掌握话语权后才能够打破旧体制，建立一种新的更加合理的体制。当然自己建的体制不符合时代要求了，要么自己去不断改进，要么最终也会被后来者打破建立新的体制。最后胡编乱造一首词送给他，《微积分•念友人》
tie-zheng-ru-shan-2-0 , 我知道给你一个键盘，你就有机会被哈佛保送
san-yue-chang-an-6 , 会啊，哪怕你是个小学生，只要是每一步都很严谨的证明出哥德巴赫猜想就一定会被保送的别说证明哥德巴赫猜想，就算一个高中生完全理解了陈景润证明1+2过程，也足以报送国内顶尖大学了吧但并不推荐高中生，本科生，研究生去证明该猜想，该猜想的难度也不是你学过几天代数课就能理解的每个人都应怀都世界的好奇和都有证明该猜想的权利，但更多的民科或中学生想去证明哥德巴赫猜，可能是因为不懂所以无惧吧Ps.我也不懂，我也无惧，不要骂我
hui-feng-liu-xue-11 , 大家能不能不要总是泼冷水，万一人家真证明出来了咋办？到时候兄弟飞黄腾达了别忘了我啊！
duan-yi-miao , 不建议用初等数论去浪费时间。
bo-li-zha-yu-le , 直接去斯坦福当教授吧，把英语学好
xue-yue-qing-45 , 那个，菲尔兹奖演奖要用什么语言？可以用中文么？当你们都在怀疑他证没证出来的的时候，我已经在考虑如果他可以证明出来，菲尔兹奖的一小时演讲用汉语演讲靠谱不靠谱了...
 , 我有一高中同学，从初中开始热衷于推导各种数学公式，后来他去了国科大……当然，他人是非常聪明的，脑子比我好使。
lin-zhi-yu-66-1 , 期待这位大佬一月一的解答
 , 如果高中生能证明哥德巴赫猜想，还保送清华北大数学系干嘛？那里根本没有研究数论的老师能教你，你去上班还差不多
qian-yu-75-3 , 为啥民科和准民科不来玩计算机呢……深度学习那么大一个黑盒在那放着呢。
 , 如果能，那么也能。
ye-lang-56-80 , 这么说吧，鼓励你是很蠢的行为。因为一个高中生满脑子都是不切实际的想法这在我看来蠢得一塌糊涂。你可以天马行空，但绝不是不长脑子。
 , 世界级的难题即将要在13乎被一个高中用户解决了，知乎捡到gui 了
zhang-hong-yi-32 , “我看不懂你的证明，但是楼下的朗道院士对这个问题非常感兴趣，你可以和他探讨一下”
 , 不能。理由如下如上图可知主体“清华北大数学系”不具有“保送”任意一名或多名高中生的能力，有关具体事宜应该咨询所在高中。另：个人认为系不具有招收保送生的权力，应该是院和校，才有权力招收保送生。另注：《普通高等学校招收保送生的规定》的颁发部门，原国家教育委员会，已改名为教育部（Ministry of Education of PRC）。||||||||||All I want to say is ,that he who has proved Goldbach conjecture definitely has a better logical mind than me.
 , 应该能去清北当校长。
su-xie-jie-jue , 。我卸载知乎一段时间了空间看到你这个问题，特意下载回来围观坐等1.1你的论文
fjy-22-56 , 我证明了只要超过光速就能穿越，但是有啥用呢
xiao-bu-dong-72-94 , 清华北大算什么，直接好用得菲尔兹奖，xxx知名大学的终身教授
aki-44-87 , 这个问题魔幻现实得让我觉得你在钓鱼。。。你认真的？？？
shen-fan-gou-87 , 把你的论文发到更多的地方吧，争取让更多专业的人看到，能证出来应该就是名垂千古了，证不出来就算了，毕竟科学吗没有一帆风顺的
chen-chang-ming-33 , 克莱登大学现在就要你，准备给你一个数学博士的学位，烦请先预付20美元。
ceng-yang-bo-99 , 啧啧啧，兄弟你真证出来了 我给你推荐行吗什么清华北大 菲尔茨奖
shao-yu-ming-41-84 , 直接一点如果你要真正明了哥德巴赫猜想，就把论文发专业平台吧，不过那个基本发表费用挺高的的，在知乎上上用处不大，另外介意题主去一下民科吧。
zheng-tong-xue-45 , 经过深思熟虑，我决定支持一波，等到那天你成功了记得苟富贵勿忘。
hongda-66 , 未滿18歲就證明了某某猜想的人，不會來逛知乎啦
 , 当然不能，证明出来麻烦不要上学直接去科研吧，不然浪费人才。
xue-mo-85-94 , 清华北大的人不一定能证明猜想，能证明的清北没跑了
chu-xin-zhen-12 , 都能证出哥德巴赫猜想了，还要上北大？你见过超人开奥迪？
 , 同学你好我只想提醒你一下:网络不会把你的无知当天真相反 它们会把你的天真当无知.
tian-ran-juan-54 , 我当了皇帝能用金锄头锄地吗
ni-hao-82-10-46-12 , 清华北大？你的要求也太低了吧～
lynn-1-7 , 为什么你不先发论文然后直接找清华北大数学系去谈呢我相信他们会争着要你去当教授以及论文发了记得通知一下大家满足一下他们的虚荣心(？)
cccat-8 , 不请自来老哥你是真的火了前几天来还没多少回答，现在我身边和数学毫无关系的人都在转这个问题了打心里讲我是很期待你真的能完整证明哥猜，因为这真的是数学界中非常重要的一个猜想，证明能够大大促进人类的发展。但是这个难度确实比较大，我也不知道你是不是真的证明出来了。不过对于保送清北来说，完全不需要证明哥猜，更加简单的问题都足够了。或者哥猜的部分证明、间接证明都够了希望能看到一个天才的出现，我等着你的论文
 , 不要修拖拉机了！
you-yong-de-yu-0 , 你想证明自己拳击打的好，不用去秒杀泰森
toumawing , 好好复习高考，别做梦，1月1号之后我要是被打脸了也值了，我愿意被钉在耻辱柱上，给传奇的成神之路添一个笑柄。
crazyswp , 单看问题，首先假设前半句成立，结果应该是不会。 因为没必要且不需要。作为在特定领域已经达成一定程度深入研究且取得成果的人，读这个书没有意义。 好比小学/初中毕业生拿到高考高分要不要保送高中一样，请直接去大学，否则不要来考这个高分。这里大家都在纠结前半句能否成立。其实是可以成立的，小学生、初中生、高中生、大学生都可以成立，没什么不可以的。学历并不能决定能力。疯魔之人怕是不上学也能成功。然后，换到题主这里。首先依旧假设前半句成立，我劝题主舍弃被保送的想法，因为你除了这部分知识及能力外，并不能很好的完成，甚至无法完成清北的本科学业。只能直接进行专业的学术研究。至于前半句是否能在题主身上成立，看造化了。不鼓励亦不反对，看清前路最为重要。—————以下碎碎念————我初中的刚接触这些东西的时候也曾经幻想过，思考过。但从未幻想过成功后会保送，而是幻想直聘为教授。为什么幻想过呢，因为严重偏科。数学一门独大。但这玩意儿太费时间，搞不好自己就定格在初中毕业生了不是。果断放弃。后来出现了物理，于是数理双偏....中学数学还是很有意思的，大学学完多重积分、拉普拉斯、傅立叶、复变，还有什么信号处理，多维向量。兴致全无....太尼玛麻烦了....还有什么人工智能..大部分做图像的人工智能机器学习都是信号处理，矩阵乘法，卷积……说白了都是数学。
yu-xi-yang-tian , 你是，张烨？
feng-mang-xsd , 去清华北大干嘛？读数学系么？
nuo-yan-bu-shi-guo-zu , 慕名而来，我希望您能如愿以偿
 , 相关烂片：《极限空间》图片来自豆瓣（其实我希望被打脸）
san-yue-chang-an-6 , 会啊，哪怕你是个小学生，只要是每一步都很严谨的证明出哥德巴赫猜想就一定会被保送的别说证明哥德巴赫猜想，就算一个高中生完全理解了陈景润证明1+2过程，也足以报送国内顶尖大学了吧但并不推荐高中生，本科生，研究生去证明该猜想，该猜想的难度也不是你学过几天代数课就能理解的每个人都应怀都世界的好奇和都有证明该猜想的权利，但更多的民科或中学生想去证明哥德巴赫猜，可能是因为不懂所以无惧吧Ps.我也不懂，我也无惧，不要骂我
a-si-dun-wei-jia , “能保送清北”大概是证明哥猜要做到的条件里最简单的一个吧。话说为什么你还在上高中？
xi-gu-zhai-zhu-ren , 如果你真的可以证明哥德巴赫猜想，别说清华北大了，中科院都能上(ಡωಡ) 
 , 此事还是请你自己定夺，你说你能证明你就能证明，你说你能去清华北大你就能去清华北大。
lin-sheng-qian ,   这不就是以前民科吧那几套吗，通俗点说就是。会打篮球了，野球场命中率百分之60。已经可以去打NBA了。比那帮什么超级明星厉害多了，很多NBA选手命中率还没有50呢
ni-ning-tian-kong , 惊闻近日网络上有大量沙雕网友玩梗高中生网友证明“哥德巴赫猜想”，我深感痛惜！我曾有幸在2016年看过大数学家陈景润先生为《初等数论》一书写的序言，好不欢喜(两手翻花)。看着网友们的恶搞，你们好笑我是笑不出来，我这个眼泪在肚子里，我笑不出来。数学不是胡学，哥猜不是乱猜。哥德巴赫猜想并非不能证明，我研究哥猜20年了，大大小小的问题我都研究，我太了解它了！我刚刚打开知乎的时候，还有个知友问我，哥德巴赫猜想到底能不能证明啊？不懂数学的网友还在笑，我是笑不出来。有的网友一看到“哥德巴赫猜想”，第一反应“哇，太难了！”这怎么行呢？见到这些世界级的数学难题，尤其需要勇于证明，从精神上藐视它。我们说一个学过数学的人不敢向世界级数学难题发起挑战是可悲的，有了挑战的勇气不能把它证明就是可耻的。我看有些学数学的，学神竟然和学霸谈起了恋爱，学霸叫学神叫“婶婶”，学神叫学霸叫“爸爸”，婶侄不分，父妻颠倒。这样的关系是乱伦的！是要给所有学数学的人谢罪的！喜闻一位高中生最近要在知乎上发表证明“哥德巴赫猜想”的论文，祝贺这位同学，这与这位同学长期的勤奋研究是分不开的。说到勤奋，我就想到正在网上认真学习研究“留学”勤奋写论文的我。今年下半年，“留学”研究会亲自举办的第一届“留学”生毕业典礼即将举行，我将作为第一届“留学”毕业生代表出席此次典礼，并认真发表关于“留学”研究的诸多感悟。生活学习两开花，弘扬“留学”文化，希望大家多多参加。
tian-jun-10-24 , 当然可以。如果你是用前辈们用的殆素数这一思路证明成功了大偶素的两个殆素数都只有一个素数因子，你就是这五十年来数学界的奇迹。但是无论如何，你只要证明出来了，那麻省理工应该会派专人登门拜访。
zi-bu-yu-32-1 , 还真有人信啊
appapp-8 , 如果你真的证明了，你还去清北浪费生命干嘛？你的数学水平都超过清北绝大部分数学教授了，中科院走起啊
 , 就事论事，结论是：绝对可以.......更新：北大或成为最大赢家（滑稽
qin-guan-33-55 , 本人数学与计算机杂种专业，懂得都懂，在数学分析与高等代数中挣扎，没有想到已经有大牛证明出了哥德巴赫，你去什么清北？不来我top1'TYUT?黄庆学老师的位置就是你的，耶稣都留不住，我说的
ji-ji-chao-ren-33 , 有个高中同学，质疑哥德巴赫猜想，而且是有论证的，然后找我们年级里的数学老师问，数学老师吱唔过去了，说没他想的那么简单……然后他被清华北大双双保送了，数学竞赛上的。
 , 港真我jio得你还活在梦里(讲真我没看到这个问题的话这段记忆估计就已经埋在土里了）我想起来初中的时候有个老师来我们学校报告厅上公开课，最后留了个问题，好像也是xx猜想，然后我一直在做，我jio得灵感奔涌，要是我再多了解一点知识就是证明出来。然后，然后我第二天就忘了这个事，事实证明我活在梦里。稍微类比一下，大兄dei我jio得你不行，加油学习吧。
feng-yuan-57-21 , 您好我是一个算是蛮垃圾的本科生吧，我没资格评论什么哥猜证明的balabala，但看见知乎上有部分人发表的言论有些偏激，我不禁想表达一下我的见解1.如果你真的成功证明了哥猜而且没有任何问题了话，那么你肯定是很有天赋并且很努力的人，你的未来一片光明，请保持下去。2.如果你花了很长时间付出了很大努力证明出来了哥猜但是你的猜想被人指出问题了话，我也同样相信你是一位十分有才华的人，我在高中认识个和你一样爱钻研学术攻克难题的人，他现在也十分优秀，所以请保持这样的势头，加油!3.如果你证明出来了哥猜却存在很严重的问题而自己没有发现了话，希望你能在今后的学习生涯中严谨行事，这不是敢于发表言论而是莽撞，这样无异于是"民科"证法，一定确保自己在搞清所有概念论述的情况下去谈证明，科学要讲严谨。4.如果你没证出来只是耍我们了话，那么一点都不好笑= =
edward-xu-35 , 大概会被保送到清北数学系教书=.=而且堆垒素数论真的是高中生能搞的东西么=͟͟͞͞ʕ•̫͡•ʔ
alice-26-89 , 可不可以其他评论已经有回答了，我也是外行人，数学不太好，是个美术生。曾经满腔热血想考美院，最终去了一个微不足道的小学校。我理解你这样想追着希望的感觉。非常非常希望你真的可以证出来，可以实现自己的梦想。
 ,   如果你成功证明了，那当我没说  如果你没有证明成功，我希望你能够坚持自己对数学的热爱。  我可以想象如果你没有证明成功所带来的社会舆论，因为我已经在qq等软件上看到了这件事。  如果你没能成功，建议你暂时离开知乎，因为舆论的力量很强大。  如果你没能成功，建议你坚持自己，依旧热爱数学，依旧热爱梦想，希望你能够坚持自己。  如果你没能成功，也不要气馁，上清华北大没有你想象的那么难，你可以继续在数学上坚持下去，一路走到底（我说的是你在其他学科一定上不了清华，同时你也非清华不上的情况。）   你可以依靠数学（我相信即使你没有证明成功，但是我也相信你的数学水平一定足够优秀）走数学竞赛等途径，拿国奖，我相信上清华北大不是问题。拿奥赛金奖，我觉得你也可以不用上清华了，你有更好的选择。  如果你没能成功，一时的失败不带表永远的失败。如果你坚持数学，我相信，总有一天，哥猜不是你的拦路虎。  中国的未来属于你们这样的青年，勇往直前吧。
 , 我发现有些答主的水平可能还不如那个高中生。请问这位自称是清华大学毕业的 @小小晓芾 日心说跟地球表面积有啥关系？以及，你知不知道人们早就承认地球是圆的，哥伦布麦哲伦跟哥白尼是同时代的人
yan-gui-yao-ling , 本人是一名初中生。对于哥德巴赫猜想只是浅显的概念了解，对于您证明出哥德巴赫猜想的这件事特别震惊，数学对我来说简直遥不可及。所以我很佩服您，希望您能成功。无畏无惧正是学生的样子。您很努力，这就够了。
wang-yuan-13-52-38 , 谢邀。身为一个物理人士没有什么过多的评论可言。但是听说题主，要发布证明的那位需要投稿。我可以很明确的告诉你，你这样大牛级的工作就应该投在nature，science这样的期刊上。如果你的英语水平不够，我可以帮你，给我个三作就好，我甚至还可以帮你修改论文的学术规范要求。也许，你将会是第一个得到菲尔兹奖的本土中国人。这样我也能吃个瓜青史留名。    不谢。送我上去，让原po看到。…………切割线…………后续，另外我在清华数学也有几位认识的教授。如果证明是真的，可以立刻帮你通知。
dong-ri-zhi-yang-48 , 他能不能证出来我一点也不好奇，我好奇的是竟然还有这么多理他的人。。
wang-da-ke-53-61 , 证哥猜多没意思来解决P=NP问题吧
rong-xin-17-73 , 你看到他们否认你，觉得你是民科，千万不要伤心，不要气馁，也不要误解了别人的好意，因为大家都在帮你呀，帮你反向奶，大家在冒着被打脸的风险祝福你呀!
qian-xiao-33-66-98 , 解释一下，不会有人一边问着2+5等于几，一边构想出中国特色社会主义伟大蓝图的，能力与境界完全不匹配再一点，这么厉害的谈数学竟然还考虑清华数学系，emmm——————这问题没什么好回答的如果题主真的（有水平）证明了出来，是不会到知乎上来问这么可爱的问题的我都懒得坐等打脸，我脸能感受到一点风都算我输
wu-yi-kai-57 , 我想知道这是哪个天才提的兄弟问题：如果一个初中生统一了四大基本力，那么可以保送山东蓝翔吗？我还是太年轻。
li-hao-58-5 , 知乎风气很不好，就算要嘲讽，也应该等1.1以后吧？为什么这么多人直接上网络暴力啊？
 , 我小学的时候得出了杨米尔斯方程的通解，醒来后发现是一个梦，但是最关键的问题不在这儿，而是杨米尔斯方程这几个字是怎么进到我脑子里？？？我特么到上高中才知道有微积分这东西。。。
triplef1ower , 我一不小心在几秒之内就写出了费马大定理的证明可是我拿给我高数老师看的时候他居然二话不说就动手打我他一定是嫉妒我的数学天分附图（真的几秒之内就写出来了
yanb-14 , 北大清华对你来说屈才了，教育部部长应该你来当，你把你的思维方式和论证方法编入教材，为国家培养更多像你这样的人才俊杰，在中华民族的历史上留下你伟大的名字才应该是符合你才能的方式。
song-ze-kun-86 , 不能，因为高等学府不要自不量力的白痴
odin-18 , 我是一名高中体育特长生，如果我举重能抓举5吨，挺举10吨，能保送体育大学吗……如果我能3秒之内跑完100米，能保送北大吗……如果我挑远能跳200米，国家会给奖金吗……如果我在擂台上一对三把世界重量级拳王，泰拳王，世界自由搏击冠军同时击倒了，能不能获得高考加分呢……
xue-zhen-yu-9 , 想起了一句话“为什么做的事情一定要是别人能明白的而且能够自圆其说？因为人类这种愚蠢的生物对待自己不懂的东西的态度是错愕、愤怒、仇恨，当无计可施、消灭不掉的时候，他们畏惧。”我想我们更应该抱有期待，而不是轻视和嘲笑。1月1日，等题主的好消息集众生再望彼方，唯星辰大海。
 , “那！当然可以啦！”“北大请你来当教授！”——李伟固
 , 不出意外的话，应该可以被保送到清华北大数学系当教授
jiao-luo-39-71 , 我表示很好奇1.1给的答案呢，火钳刘明！虽然我是一个数学学渣。但是我看到这个问题的时候觉得确实非常有趣，很期待呢
Simengtun , 泻药。保送什么的我不懂，但是你如果真证出来了，那孙一峰就是我二哥。——补充一点——我看高赞里张益唐的意思是说You said calculation.——再补充一点——我看陈景润的意思是年轻人好好〇〇，不要〇〇〇〇了。——接着补充——我觉得你可以参考下高赞里杨振宁对廖某的回复。比张益唐还要简练。什么？你找不到？可这就是杨振宁的回复啊
 , 初中毕业看不懂这么深奥的东西。感觉从百度到的信息来看，这是好像非常难，以至于这么多年没有哪位数学家敢说自己证明出来了。所以，1月1号发布论文之后，记得指着当今所有数学家的鼻子说上那么一句话：我不是针对谁，我是说在座的各位都是垃圾！能理直气壮的指着这么多大佬的面说出来这么拽的话，上不上清华也无所谓了不是嘛！！加油！！！
fu-qia-fu-69 , 还上什么清北，去哈佛当教授吧
 , 在这个问题下为题主祝贺叫好的诸位忘了凡伟了吗？如何评价凡伟提出的电荷不存在理论？立个flag，这题主要是能证明哥猜，我哈士奇的哈字换个部首。
 , 这问题包含着令人厌恶的投机心态和功利的思维方式，再跟荒诞不经的“皇帝用金斧头耕地”式孩童设想相结合，可以说是很巨婴了。做研究是很严肃的事情，哪怕你是高中生，也不可以这么浮躁和胡搅蛮缠。可以这么说，你如果真证明了哥德巴赫猜想，那么你为了证明这个问题所拥有的思维能力和专业水平应该让你远不至于问出“能被保送名校吗？”这样的问题，你应该会知道学术共同体的研究规范是怎样的，做出来成果往哪里申报，该去找什么人，同时知道这样的开创性成果会直接让你具有教授和博士导师资格（因为你做出来全世界就你能做出来的知识，这方面谁还能教你？不赶快趁着大好年华教人（到时候你教的人会是相关方面的专业研究员，数学年会上台下几百号年长你几十岁的海内外名数学家正襟危坐听你演讲，把你当跟他们同等地位的同行而不是什么学生）和进一步扩大成果，还读什么本科？？）。没有什么成果能建立在沙滩上，在证明的过程中你会涉及到大量的已有论文研习，会产生大量请教在这方面顶尖水准人士的需求，而在这过程中你肯定早应该成为学术共同体中的一员才是，怎么可能还要跑到知乎上来问这问那？除非你是这样的人类历史上可能是空前绝后的天才，你独立发展了一门数学分支，古往今来所有数学家从来都没想过数学还可以这么做，然后用这门分支里的工具把哥德巴赫猜想解决了，所以可以不涉及到任何现有研究成果，如果这样的话，你关心的应该是身后名之类的吧。。。什么数学史会如何定位你都是小的了，我估计你会成为著名的脑科学样本直接供你一切享有人间享受让你乖乖配合研究就好。不过这样的话，请你可以放下手里的加减乘除运算了吗？那么幼稚的东西怎么配得上你，请先拿出几百页你独立定义出的一门新数学好吗？
cheng-hao-peng-70 , 讲真，真要比一下的话，可能考上清北更容易一些。
qing-chun-de-leipengshang , 我不并对这个问题本身感兴趣。我只是怀念我的青春而已。那时只是想着当一个数学家或者理论物理家，当然这些都是在接触康德的《纯粹批判》黑格尔《小逻辑》（高一）。后来我高一前就学习了微积分。然后我发现自己真不是这块料。那时抑郁了好一阵。那时让我想了很多关于人生的问题。只是觉得自己不是这块料。现在为生活奔波，始终放不下那时的理想。然而现实是残酷的。一声叹息。
TAOSHOW , 科学的强大就是：你知道的越多，一些问题看起来就越小儿科。而苦于没有突破，你的回答不会像 @王伟 那样简单的贴一个陈景润的序言，却是开始大肆的嘲讽小儿科。你们不是数学界的清流，是毒瘤！！！！数学的乐趣除了严谨还有天马行空，不过终究还是需要脚踏实地。但这不应该成为别人对于天马行空的否定。其实一直有一个陈氏定律，任何大于0的两个自然数，都能通过简单运算（加减乘除）最后结果是1，eg：1和5，例证：5-（5-1）=1。 我感觉数学史上也可以给我留下一个章节。我一个三流学校专科生，说真的，真的感觉有的喷的太厉害了。嘴下积德，你可以验证下我的猜想-,-这个猜想时小学5年级的时候想的还记得那个夏天，我考上了我们县的奥赛班，镇上排名第八，那一年夏天的西瓜真好吃，那一年的农活真的不累那一年的赞许真的好听，直到现在我都感觉那是我在学习的海洋里最高的成就，所以自作聪明得到了陈氏定律，此定律时在干农活（我们县城以柳编出名）扒条子（土话)的时候想到的，从小学到初中，从初中到高中，虽然成绩已经不堪回首，但这个定律却一直没有忘记，可能当成了一个笑话，但是我相信，数学者，或者学家一定能通过验证，得到这个条件成立的公式数最低是几，就像陈老的1+2，终究会证明出三个运算值还是五个运算值。此定律因为是一半，所以特许学者进行验证，可以署名如：陈庞定律。陈许定律，陈牛定律，陈陈定律。等等吧。
 , 我的回答是个科普回答,不明白理科生回答的可以先看看我的回答,再去回答这个问题.我并不是说看不起高中生还是怎样,而是,他说的这个问题,真的有点生猛.我也相信咱们国人肯定未来会有能搞定它的人,但是绝不是高中生,因为知识量太大了...看一下这个所谓的"哥德巴赫猜想"的背景.可能回答的人里头有很多不是理科生,所以科普一下这到底是个什么玩意..哥德巴赫1742年给欧拉的信中哥德巴赫提出了以下猜想：任一大于2的偶数都可写成两个质数之和。但是哥德巴赫自己无法证明它，于是就写信请教赫赫有名的大数学家欧拉帮忙证明，但是一直到死，欧拉也无法证明。因现今数学界已经不使用“1也是素数”这个约定，原初猜想的现代陈述为：任一大于5的整数都可写成三个质数之和。欧拉在回信中也提出另一等价版本，即任一大于2的偶数都可写成两个质数之和。今日常见的猜想陈述为欧拉的版本。把命题"任一充分大的偶数都可以表示成为一个素因子个数不超过a个的数与另一个素因子不超过b个的数之和"记作"a+b"。1966年陈景润证明了"1+2"成立，即"任一充分大的偶数都可以表示成二个素数的和，或是一个素数和一个半素数的和"。关于欧拉大神:莱昂哈德·欧拉（Leonhard Euler ，1707年4月15日～1783年9月18日），瑞士数学家、自然科学家。1707年4月15日出生于瑞士的巴塞尔，1783年9月18日于俄国圣彼得堡去世。欧拉出生于牧师家庭，自幼受父亲的影响。13岁时入读巴塞尔大学，15岁大学毕业，16岁获得硕士学位。欧拉是18世纪数学界最杰出的人物之一，他不但为数学界作出贡献，更把整个数学推至物理的领域。他是数学史上最多产的数学家，平均每年写出八百多页的论文，还写了大量的力学、分析学、几何学、变分法等的课本，《无穷小分析引论》、《微分学原理》、《积分学原理》等都成为数学界中的经典著作。《无穷小分析引论》、《微分学原理》、《积分学原理》这3个都是大学的东西,而且不一定普通大学生就能搞定的.所以它的创造人刚了一辈子刚到死都刚不动的东西...在没看明白这3个东西之前..嗯....概率有点低啊..那么18岁的少年能有多生猛?来给不明就里的答者看看人类历史上的天才是个什么水准爱因斯坦:1901年3月21日（22岁），爱因斯坦正式取得瑞士国籍。在这一年5到7月完成电势差的热力学理论的论文。1905年（26岁）3月，爱因斯坦发表“量子论”，提出光量子假说，解决了光电效应问题。4月向苏黎世大学提出论文《分子大小的新测定法》，取得博士学位。5月完成论文《论动体的电动力学》，独立而完整地提出狭义相对性原理，开创物理学的新纪元。这一年因此被称为“爱因斯坦奇迹年”。关于爱因斯坦的数学,你可以搜索一下一个人:格罗斯曼,他帮了爱因斯坦计算数学题方面的忙.爱因斯坦是一个物理学家中数学最牛B的,但是数学家中数学就那样了.也就是,爱因斯坦的爆炸年是26岁.高斯1788年，11岁的高斯进入了文科学校，他在新的学校里，所有的功课都极好，特别是古典文学、数学尤为突出。他的教师们和慈母把他推荐给伯伦瑞克公爵，希望公爵能资助这位聪明的孩子上学。 布伦兹维克公爵卡尔·威廉·斐迪南召见了14岁的高斯。这位朴实、聪明但家境贫寒的孩子赢得了公爵的同情，公爵慷慨地提出愿意作高斯的资助人，让他继续学习。 1792年高斯进入布伦兹维克的卡罗琳学院继续学习。1795年，公爵又为他支付各种费用，送他入德国著名的哥丁根大学，这样就使得高斯得以按照自己的理想，勤奋地学习和开始进行创造性的研究。 1796年高斯19岁，发现了正十七边形的尺规作图法， 解决了自欧几里德以来悬而未决的一个难题。 同年，发表并证明了二次互反律。这是他的得意杰作，一生曾用八种方法证明，称之为“黄金律” 。 1799年，高斯完成了博士论文，获黑尔姆施泰特大学的博士学位，回到家乡布伦兹维克，虽然他的博士论文顺利通过了，被授予博士学位，同时获得了讲师职位，但他没有能成功地吸引学生，因此只能回老家-又是公爵伸手救援他。数学王子,高斯,他的爆发年龄是19岁,就算他的正17边算是人类最高成就好了(其实并不算)然后我看了看世界上的其他大师..都比不上答主...因为他们的爆发年都超过20岁了..答主鄙视的哪里是我们,而是下图中的所有人.我想表达什么?那就是,答主,我期待1月1日.因为地球上下一个爱因斯坦,就要来了.........哦不,爱因斯坦弱了..那破老头26岁才明白事.至少是高斯+爱因斯坦..其他像什么,捣蛋的费曼,牛顿,黎曼什么的,都是渣渣...您秒了整个地球....而不是区区大学生..看到这里,大家应该明白为什么我们这些理科生会这么诧异了吧...不是我们酸,而是,如果他真的可以,他不会想着跟吾等渣渣对话的..智商不在一个水平线..完全蔑视整个地球人...
wang-17-79-74 , 我等着你呢，不过你先回答一下你是怎么计算不定方程x+y=2n有多少组素数解的
xian-chen-ju-shi , 能的，如果可以做到就去做吧，我相信你。谁说你不能只是在嫉妒你的。加油，支持你！！！
 , 如果你只是中二倒没什么，如果你是恶意炒作的话，除了脸皮厚也没什么
yu-ye , 虽然我上不了清华北大但是我还想说对于能证明哥德巴赫猜想的人来说去个北大数学系念本科有啥难的。。。
zhao-qing-xi-74 , 各位答主请慎言题主很有可能已经被系统附体，而歌猜只是题主的一个小任务而已，我估计题主以后还会狂揽诺贝尔奖十三次，菲儿兹奖三次，而且会建立数学大一统纲领。并且会陆续攻克核聚变商用，去火星亲自寻找生命等等等等真的，题主未来的成就无法预估！
de-zhi-zhe-de-tian-xia , 小老弟，高考全国卷750分进清华可能更简单一点儿(๑•ั็ω•็ั๑)
dian-xing-29 , 大部分答主都在质疑题设。这很好，大家都很聪明，可以从不同的角度看问题。但是我希望我可以发表一下浅薄的己见：题主应该是想问一个政治问题，而非讨论题设存在的可能性。我觉得你要是证出来了应该可以进清华，因为你将成为大中华新一届排面人物。排面人物所在的学校得有排面，有了排面人物学校也就更有排面了。再往后走排面价值就消失啦，学界大佬们和媒体们会不会告诉大家你是个水货然后把你踢出清华就不得而知了。前段时间不是有个高考写古文的学生进了川大嘛，可以类比一下。
obersteinlee , 我辈以心证道，可以去起点发表
alongsideiris , 泻药我认得歌德也认得巴赫连起来就不认识了不好意思我的数学知识。。。真的过于浅薄了
tddxldp , 不想打击提问者的积极性，但是还是想老老实实说:不要总想着搞个大新闻。每天都有无数中学生、民间科学家声称自己证明了哥德巴赫猜想、黎曼猜想等等。现代科学（包括数学）早已经过了灵光一闪，用一点基本知识就能解决大问题，就能产生科技爆炸的年代，几乎任何学科都是得经过十年甚至更久的专业训练和研究才可能出成果的尤其是数学，几乎绝大部分猜想都得用到数论甚至很多现代方法研究，证明过程一个非数学专业的本科生都看不懂（连符号都不懂），证明过程都极其艰涩复杂，想用初等手段证明完全没有可能性所以还是期待你元旦的大作吧 
jiang-rui-feng-45-79 , 几句话送给你：井蛙不可语海，夏虫不可语冰；朝菌不知晦朔，蟪蛄不知春秋。小小年纪怕是不知道哥猜在数学界的分量，也怕是不知道前人做过多少功课，只不过看着猜想通俗易懂就觉得证明也应该通俗易懂。说好听点叫初生牛犊不怕虎，说难听点叫不是蠢就是坏。话又说回来，这个年纪无论是蠢还是坏都还有救，可千万别不听劝，沦为民科吧那群货色可就晚了。要是觉得我的话说重了，可以先给你学校的教数学竞赛的老师看看，如果他有耐心那应该用不了几分钟就能给你指出错误，省的到时候发出来被一群人挑错，毕竟这个年纪也挺爱面子的，下不来台也不好。
yi-meng-4-29 , 留个名年度神话还是年度笑话等1月1
li-jia-89-55 , 最近读完了《Thinking，fast and slow》受益颇多。感觉可以从这本书出发通过人类认知的层面来分析这个问题背后反应的问题，而不是仅仅单纯停留在科学以及民科的角度出发：信息越少，人对自己的判断对事物的认知就越自信。人们总是更热衷于用已有的信息去解读或者脑补一个故事，而不是去积极寻找更多的信息和知识。举个例子：比如，前一段时间的大巴失控入水惨剧就是这样的例子。一开始的时候广大人民群众所获得的信息非常少，有不可靠消息源指出有女司机逆行造成大巴躲闪不及造成事故。当这个信息放出来以后，绝大多数人表现出了对这个单一信息的极大接受度，大众根据这个信息源迅速作出了判断——“又是女司机，难怪”。这个关于“女司机”的故事符合绝大多数人非理性思考的认知，这个又一起女司机引起的血案一下子在人们的脑袋里栩栩如生了。到后来，随着更多信息的不断出现，比如出事前视频信息，公共交通系统某些“知情人士”透露公交司机的一些灰色内部培训等等，人们掌握的信息量一下子多了很多。而这个时候，人们一下子不敢轻易做出判断了。再比如，我们常说的“所见即所得”和“耳听为虚，眼见为实”。但是在过去，我们一直依靠眼睛所能接受的信息深信地球是平的，深信地心说。后来，我们又学到了人类肉眼所见的只是可见光的极小一部分（可见光的信息量相比不可见光实在是太有限了）。回到这个题，我们需要理解这种信息量和认知自信的悖论对我们人类的普遍影响。如果只是停留在对于高中生或者民科的认知自信的结果的嘲讽，那么当我们遇到了超越我们认知边界的事物的时候（比如上文中我们一开始解读大巴落水事件的时候），我们往往也会犯这种错误。2. 大家对民科未经证伪的哗众取宠容忍度很高，反应了人们对于小概率事件往往过分夸大，而同时又大大低估了大概率事件的本质。同样举例子：购买彩票是个经典的小概率事件。有那么多的人为了中彩票概率从百万分之0变为百万分零点不惜花费大量的时间和金钱，远远高于内在的收益期望值。再比如，如果同时有两个消毒液，一个号称能够消灭98%的细菌，一个号称能够消灭99.9%的细菌。消费者往往会用远远高于收益的价格会购买后者，得到1.9%的效果提升，当与99.9%或者100%相比，98%就显得让人紧张，难以忍受。98%远远没有获得其应得的理性认知。不过，98%也别觉得委屈。实际上假如100%是存在的，99.9%都会被人们嗤之以鼻。回到主题，民科的哗众取宠，扬言能解读哥德巴赫猜想，本质上是个极低概率的小概率事件。很多支持民科的人对其容忍度很高，甚至为其辩解说“事情还没有完全展开，你怎么知道不能行”，本质上就是对于小概率事件的过分夸大，同时又对“未受高等教育是解决不了世界难题”这个极大概率事件的极度低估。先写到这里。
 , 在这个问题下为题主祝贺叫好的诸位忘了凡伟了吗？如何评价凡伟提出的电荷不存在理论？立个flag，这题主要是能证明哥猜，我哈士奇的哈字换个部首。
yan-fei-32-81 , 虽然不知道是不是真的，但是突然变得期待1月1号了，哈哈哈。
ashesone-26 , 数学系学渣强行回答一次你要是能在高中毕业前，也就是18岁前，证明哥德巴赫猜想，并且得到学术界认可那清华北大肯定会抢着你去当教授的我本科的学校在美国算不上最顶尖也算是名校了，你让我们学校数学院本科毕业生，随便挑，保证都能看得懂问题啥意思，这算是个进步，因为我们有时候题目都能看的一脸懵逼，但是你让我们别说开个头，连找个稍微点的思路去尝试证明都不可能感觉题主是被民科洗脑了，看的懂就觉得应该能解出来的问题，只存在于你上学考试的时代，对于真正的数学难题一点概念都没有，18岁前能靠自己证明哥德巴赫猜想，你去清北当教授，都属于为国家牺牲小我了，你这个智力要是再高点，都能被5常抢着去研究了，完全超出人类范畴了
superjun-bao , 同学你好，我不太懂数学，但是看到你的故事却想对你说句加油！希望你不管遇到什么挫折，都能坚持自己热爱的事情，遇到喜欢的事情不容易。
mo-ji-ty , 我觉得一个高中生有勇气去证明哥德巴赫猜想这件事本身就很了不起了，如果高考不能让一个人充分发挥自己的才能，答主想为自己找一条喜欢的出路又有什么可以指责？我不懂数学，但是我可以理解答主想为自己搏一搏的心情在知乎发表论文的确没有用，你可以考虑直接联系校方或者教授。虽然现在未必证明得了，但是将来的事谁说的准呢？
 , “那！当然可以啦！”“北大请你来当教授！”——李伟固
mazk , 哥德巴赫猜想是不是黎曼猜想的一个子集？希望未来能看懂这两个问题的定义。
gu-du-huan-zhe-84-5 , 如果可以的话，应该没有任何问题，而且也就不要把眼界只局限于清北了…（不过还是很好奇为什么非要元旦发…早发早出结果不也一样么…）总之不管怎么样，有对一门学科的热情总是好的（不像我觉得除了物理啥都差不多，物理也没多么好…）
luo-xie-21-11 , 对于高考，你的智商已经让你意识到了困难面对哥猜，你的学识不足以让你看到其困难就酱
xie-guan-hao , 可以的。如果成为世界首富，一定能够喝的上小米粥。
xing-jue-77-1 , 如果你真的证明出来了，北大清华能为你抢破了头，直接引爆互联网，知乎在这回答的人大部分只能仰望你了，等1月1号围观。 
zhan-sheng-hu , 大二学渣，觉得大学理论教授已经是很高深莫测啦，陈景润的故事大家小时候都听过，我觉没有学问本身就很高的人引导，考自己研究短短几个月内没法证明吧？这是社会研究？？？（说炒热度的人我也是醉了，答主炒热度图啥？......）这个世界上所有的人，并不是个个都有过你拥有的那些优越条件。”大家换位思考一下，如果你的言论是评论你的突发其想你会怎么看？
paranoia-11-67 , 我看好你呀但是如果这次的证明被专业人士指出存疑类的问题，那你就要乖乖准备高考好吗？咱大学还有大把的时间可以研究呀，不要让你的聪明因为社会而埋没。加油 
wu-yi-kai-57 , 我想知道这是哪个天才提的兄弟问题：如果一个初中生统一了四大基本力，那么可以保送山东蓝翔吗？我还是太年轻。
 , @qfzklm 你写给seminar导师的信还能找到吗？放在这边挺合适的
hou-shao-qiang , 如果你能骑着自行车到达月球；全程用自由泳游过太平洋到美国；只用一把锤子就造出火箭；用0和1两个数字写出win10系统的所有程序；在高考750分的试卷上拿7500分；只用一个键盘就说服全世界你是上帝；那我就相信你能证明这个问题。
zhou-zhou-79-51 , 当年我读小学时，刚学了除法，我发现能被4整除的都能被2整除，我被自己的这个发现吓了一跳，觉得自己可以以后从事数学方面的研究了，小学就发现了“真理”，还祈祷这个千万别被别人发现了。。。。。大学进了数学系后发现，大学的数学根本就不是我能驾驭的，读一年后，换系。
dalaoshimoco , 如果我能挣1万亿美元，可以去上海买套3室1厅的房子么？如果希特勒用冥想就能杀任何人，他能打赢二战么？如果我能一个人就建造出一艘泰坦级战舰，那能出造一辆自行车么？
zhang-xian-qu-17 , 讲真，你要是能看懂那些被严格证明的猜想，都有资格做教授了。
horizonmuber , 还是再找几个数学专家确认一下吧天才少年被众多知友打击也怪可惜的可能你用了什么你感觉很显然但是实际上也很难证明的定理呢千万 千万不要走向民科坑
yang-wei-can-22 , 2019年快到了，你最担心的是______❌没钱过年❌中美合拍电影上映了没⭕题主的论文发表了没❌世界末日
ji-wu-li-3 , 一群XX博士XX博士后，跟一个中学生这么较真，上来不管三七二十一，就先嘲讽一顿再说。你们嘲讽得那么痛快，为的是什么？就为了证明你比一个中学生的岁数更大，见识更多？一个三岁小孩，声音大，吵到你了，你是不是也要跟他对吵，还讥讽：就你这嗓门，一辈子不用开口了？一个三岁小孩，好动，碰到你了，你是不是也要跟他对打，还讥讽：就你这力气，一辈子不用动手了？中学本来就是人人都在中二，满脑子异想天开的时候，谁不是这么过来的？即便自古文人相轻，相互看不起，也用不着跟一个还没起步的中学生较真吧？—————————————————————————————————————讲个故事吧：我大学的时候跟一个家在农村的老乡一起去餐馆吃饭，点菜的时候，那人想点一份干锅茶树菇，我当时不乐意，因为这玩意吃的太多了，于是就不停地说，别点这玩意了，吃了不知道多少次了。然后对方默默地说了句，我没吃过嘛，这时我才注意到，对方脸色已经很不好了。怎么样，是不是觉得我当时很贱？我现在也是这么觉得的。同理，很多你觉得显而易见理所当然的常识性的东西，不是所有人都知道。所以，不要你比别人多懂一些东西，就一副高高在上的姿态，把别人评价一遍，数落一遍。—————————————————————————————————————见到一种论调：我讥讽你，嘲笑你，都是在为你好。…………这是在玩sm啊？我鞭笞你，辱骂你，践踏你，不是因为我有什么奇怪的嗜好，而是为了让你享受。所以，就是一些人在过过嘴瘾而已，不要说得那么高尚。—————————————————————————————————————又见一类论调：你是高中生了，应该为自己的行为负责。你在网上发言，要为自己言论负责。你功利心强，侮辱了数学，活该被骂。…………嗯，总而言之，我就是要骂你。（到这一步，就是正儿八经的网络暴力了）—————————————————————————————————————刚刚评论区又一个：其他人没嘲笑他啊，都是在热情地提供帮助。…………呵呵，这些所谓正经回答，热心帮助的，有几个真心觉得一个高中生能解决哥德巴赫猜想？明知道不可能，还假惺惺地提供帮助，不就是在起哄，凑热闹，消遣人？这不叫嘲讽，什么叫？就好比，一个恶霸说，你来打我呀，是真让你去打他吗？就是吃定了你不敢打，才这么说来耍你玩的。这些人还揣着明白装糊涂，假惺惺地说我们没恶意啊。一旦你将他戳破，他马上又说，这人自作自受，活该被骂。（同上，又成了赤裸裸的网络暴力了）—————————————————————————————————————还有人，说我这么圣母，怎么不去帮助他。我在路边看到乞丐，一般不会给钱，更不会给他工作帮他安顿下来，但我绝不会嫌他脏就去踹他两脚。
du-shi-tao-lu , 这个问题让我想到了知乎之前一个提问：＂有1000W现金算有钱人吗？＂哥德巴赫猜想和1000W在你们眼中应该都有相当的高度，但你们对他们真正的分量一无所知。这么说吧，很多资产上10亿的人都未必有1000万现金流（当然也有人偶然得到1000W现金，比如中彩票、房屋拆迁补偿等情况）；而哥德巴赫猜想也远远不像它本身看起来那么简单而人畜无害。回到问题本身，从假设出发确实可以推出结论：如果高中生能证明哥德巴赫猜想，绝对可以上清华北大。为什么大多数人觉得这句话不对呢，因为你的假设和结论都不靠谱。先说假设：如果高中生能证明哥德巴赫猜想。高中生有没有可能证明哥德巴赫猜想呢？有可能。许多天才数学家都是年少成名，比如伽罗瓦、舒尔茨。但他们都是接受过严格的数学体系训练的，远不止高中生水平。我们假设你是用初等方法证明了哥德巴赫猜想（因为如果高中生已经系统学习过高等数学《不只是大学的高数》到能够证明哥德巴赫猜想需要的地步，大概率早已出名），那么有99.999999％是错误的，当然你也有可能是剩下的那0.000001％。此处没有任何打击或者贬低的意思，只是因为哥德巴赫猜想太难而许多民科试图用初等方法证明，导致大多数人根本不相信仅仅使用初等数学能够证明哥德巴赫猜想。所以假设成立的可能性太低太低。再说结论：能上清华北大吗？当然能。可以但没必要。别说上清华北大了，就是你想去清华北大执教也完全没有问题。最后，人不轻狂枉少年，数学需要天才想法，年纪轻轻硕果累累的数学家比比皆是。如果你真的证明出来了（哪怕是用初等方法），被主流数学界承认（而不是类似于民科间的互嗨），那么怎么称赞你都不为过，至少也是超越陈景润的存在；如果被其他人指出来是错误的，也希望你大方接受，没有人会因此而看不起你，毕竟证明错误实在是太正常了。最后的最后，搞学术没有捷径，就算上了清华北大还是要踏踏实实地学习。人生需要仰望星空，更需要脚踏实地。
mrliu-22-54 , 有勇气去证明，并不是一件可笑的事，那些冷嘲热讽话里带刺的人，更多的是什么都不懂的在那瞎嫉妒，我从不怀疑人性的恶劣之处。什么都不了解的人，没有发言权。但也请始终保持谦逊的心态，不要好高骛远。看过好多民科的人，都狂妄自大的说要出XX万请人证明猜想是错的。就算你的猜想是对的，又不被现在的人认同，我想多年以后，随着研究的深入，终究会被证明出来。是对是错，又何必急于一时。
jscdc-mjy , 要是我当上了世界首富，我能在北京四环买套房吗？
shi-shu-23-98 , 哈哈哈哈哈哈哈哈哈哈哈哈哈哈哈哈哈哈楼主我也是高中生 但是我都没有听说过什么哥 emmmmm你能愿意去关注数学已经很不错啦 反正我们文科生是看见数学就要流泪的 加油！！！比起你去搞什么猜想 为什么我还在搞玄学祈求考试能过啊 感到羞愧（来自文科生的空话慰问 哈哈哈哈哈哈哈哈哈哈哈哈哈哈哈哈哈哈哈哈哈哈哈哈哈哈）
kingboy-92 , 如果是真的，那你的要求太低了。插个眼，1月1号再来。
song-r-98 , 找个靠谱点的老师帮你看一下，没什么问题的话再给张益唐、丘成桐之类的大佬递一下看看，如果关键点都能说得通就在其他老师指导下撰写篇文章投出去。不过不清楚没有本科学历的话能不能直接评教授，如果不行的话就随便找个清华北大之类的二流学校，让他们送你个博士学位换取你在他们学校工作。作为2020年或者2021年菲尔兹奖得主，而且可能还是最年轻的菲尔兹奖获得者，在25岁前评上中科院院士应该难度不大。
yang-liu-14-19 , 我已经超越王羲之了。请问毛笔怎么拿？
li-xiao-ying-80-86 , 建议参加高中数学奥林匹克竞赛。国家一等奖就能保送清北，不看其他科成绩，比你现在走的路现实得多。
 , 那啥，我这也有一些发明，你看能不能帮忙一块发表一下，我也想上清华：
wang-jiu-ma-99 , 先如果真的证明出来了你是会被保送的 看了许多回答 大概就是说不要不自量力什么的 有想法是好的 能对这个猜想有喜好和研究也是好的 来提问也没什么错 如果最后真的证明出来了 那我默默恭喜中国出了一个奇才 毕竟历史上这样的事儿也不是没有 以及我这句话并没有讽刺之意如果没能证明出来我也希望大众能给予包容之心 一位高中生通过自己的努力的研究 来知乎提问却被大家群嘲 我替这样的现象感到难过 试问哪一位科学家没有这种不懈进取的精神呢 如果在研究之前就对自己说我不可能证明出来的 那现在就不会有这么多科研成果了或许你们要说他才高中他就是不自量力 是的 或许他没办法证明成功 但正是他自己的小研究  带给了他超过其他大部分同龄人的数学知识 我不是很理解大家把证明这个猜想和是否能上清华北大来联系 讽刺这位同学能证明哥德巴赫的人不会问这个问题之类的话 他这么问其实也是证明了在他眼里北大清华就是最好的学校了啊 变相的不应该骄傲吗 顺便一提我还看到了一个“冷嘲热讽是有错 但是我们要把他打醒 不然这样下去他会变成民科的”民科是多不好？民间科学家最开始是一种褒义词啊 大家哪怕没有学习相关知识却也热衷于科学不是很棒的事情吗 坏人是少数 这种话就像是一个孩子问妈妈：“妈妈我觉得我微信支付能扫出免单” 妈妈回答说：“不可能的孩子 你七大姑八大姨都没扫出来你怎么可能做到呢”然后七大姑八大姨们说：“这孩子现在就想着免单 长大了一定会白嫖！” 差不多就这样我们不能去否定任何一位学生对于知识的渴求的不管是出于何种目的 也希望这个我从小学开始就爱上的猜想能早日被证明出来\(//∇//)\
chu-tian-kuo-15-4 , 占个坑，吃瓜，不太对，占个座，吃瓜
xue-zhen-yu-9 , 想起了一句话“为什么做的事情一定要是别人能明白的而且能够自圆其说？因为人类这种愚蠢的生物对待自己不懂的东西的态度是错愕、愤怒、仇恨，当无计可施、消灭不掉的时候，他们畏惧。”我想我们更应该抱有期待，而不是轻视和嘲笑。1月1日，等题主的好消息集众生再望彼方，唯星辰大海。
chuan-shao-da-gu-gu , 姑且留个名题主的心情我能理解，我也是个高中生（苦逼的高三），年少轻狂都有过，不过题主的水平比我高了不知道多少这事成了我们就见证了历史，败了的话，冷嘲热讽不会少只会多，只希望到时候无论怎样题主都能挺住，保持住热爱数学的那颗心，日后努力的去提升自己的实力，因为说实话，我是真不信仅仅使用了高中知识就能证明这个理论的，高中数学只是冰山的一角都不算，顶多是冒出的冷气罢了嗯....加油吧少年？
ivan-lam-50 , 菲尔兹奖妥妥的，什么保送还清华北？至少是牛逼的大学教授等着。
shen-ao-you-xuan-44 , 会，只不过不是保送成本科生，而是直接做教授了
 , 恰同学少年，风华正茂，年少轻狂，有有何不可？可以设想一下，结局一   提问者是对的，苦于出头无望，因此来知乎求解，吃瓜群众们惊讶 水落石出后态度反转 巴拉巴拉巴啦。结局二  某些无聊者抛出来的糊弄大家玩的，大家一起寻开心⸂⸂⸜(രᴗര๑)⸝⸃⸃。结局三   这是一起有预谋的，某些幕后黑手们做个社会实验，试图观察大众的反应。结局四  真的 想在2019年到来之时搞个大事情结局五  提问者想出名 故意发这种无聊的东西我觉得大家这么嘲讽真的是逊爆了。为什么没有一点鼓励？评论里很多隐约说提问者三观不正的，是否羡慕呢？屌丝还可以做梦。
mispace , 题主你好，你对数学的热爱是件好事，对哥猜有兴趣也是好事，希望你可以循序渐进，一步一步来，走好每一步，考过高考，进入数学系再和志同道合的人一块研究，祝你好运
 , 在这个问题下为题主祝贺叫好的诸位忘了凡伟了吗？如何评价凡伟提出的电荷不存在理论？立个flag，这题主要是能证明哥猜，我哈士奇的哈字换个部首。
jiang-jiang-jiang-nan-wu-yan-zu , 这哥们让我感觉他在做一个社会实验。。。
du-li-ri-15 , 这样吧我认为，哥德巴赫猜想很难，难到各位所说骑自行车上月球的难度。反正我一个非数大一学生是看不懂啦自认为高数能考几分，应该达不到知乎平均水平数学上面天赋我是不咋地，我觉得啊，如果我高中钻研三年这东西，说不定能看出来点道道。(指比现在多看懂一点点)是的，我也不认为普通高中生有能力完成如此复杂的证明。但是，我们对于题主的态度，是不是有点过于调侃，甚至有些恶意了。是的，一个高中生不知道那东西多难，不知道自己可能伪证了什么东西。但是，有梦想有拼劲总是好的，为之努力过，奋斗过，也是光荣的。最起码，比看着别人失败，就发出哂笑的人，更光荣。我不否认许多民科的存在扰乱着现在各位科研大佬。 但我暂时还不能评价这位高中生是不是民科，不论他/她是学弟学妹，我都支持他。即使他证错了，我相信他能长教训，打好基础，为以后继续逐梦不屑奋斗。他不就想问问能不能凭借证明哥德巴赫猜想能不能上清华北大吗？用得着这样子冷嘲热讽吗？来  我告诉你  可以!有梦是好的，想证明自己是好的，为梦想不懈努力是好的，也许，他是个值得雕琢的璞玉呢?  今天的他不能证明，也许这已经是定局了。但是  我想问问你，二十年后的他呢?，四十年后的他呢? 我相信坚持的力量。别再冷嘲热讽了，给题主梦想的种子一个发芽的空间吧！期待你的论文!另外  我不认为年龄与能力可以画等号年龄，很大程度上影响你的见识，你的经验，你的技巧。但这些，不是能力的全部。别因为楼主的年龄再说三道四了好不好？半年前在看高中数学，又怎样？ 突飞猛进? 我虽然没见过谁进步这么快  但是说不定真的有呢?
chang-cheng-4-70 , 这是我最新的更新。昨晚睡不着打开看各路答主的回答，在评论里发现了很神奇的事，当然真假我也很难说，发出来让大家都看看。---------我看到这个问题是很愤怒的。因为我喜欢数学。我觉得数学是那么的神奇而有魅力，那一条一条的定理如同一个一个的台阶，是无数大师一步一步迈进而得到的伟大成果。不是说高中生就不行，我只是讨厌民科一般的论调，博人眼球的做法真的很让人厌恶。不尊重科学的人，我相信永远不会被科学青睐。我看到这个问题下的回答更愤怒，还有好多人在评论里对数学工作者嘲讽，甚至各种打压天才的阴谋论......唉，我真的不知道说什么好，很失望，真的很失望。相信热爱数学的人看到这样的评论也是跟我一样的心情吧，想说什么又说不出来。想了一肚子的脏话，最后只憋出来一句:哗众取宠的跳梁小丑！-------刚才看到许多圣母说要知乎er演算他的证明，说数学工作者动不动上纲上线。遇到这种人我只想说:每年有那么多民科说自己研究出了这个定理那个定理的，难道数学工作者还要一个一个为他们演算一遍?就算演算出来，人家不懂也没办法，到时还会跳出一些人来说:看，天才的思维总是不被世人接受，而且还要被所谓的一个个大师所打压。这样的例子在以前也有很多了。试想一下，别人对你热爱的东西不放在眼里，丝毫没有一点点的敬畏之心和尊重，而且底下还有很多不明所以的人支持他，你的心里能好受?---------贴一个我和一位答主的争论，没有要嘲讽这个答主的意思，只是表明我的态度和看法。---------继续更新，我是想让大家知道，真的是有这么多的人支持他，相信他，维护他。这也从侧面佐证了这个“思维活跃的高中生”产生的影响的确是很大啊，相信再过一段时间就会有很多人对我国的数学工作者口诛笔伐了。(笑)郭英森事件至今仍历历在目啊。对哗众取宠之人不必同情怜悯，更不需要鼓励支持！因为你的鼓励反而让他误入歧途，更是对别人的不尊重。
cheng-yi-hao-37 , 相信天才的存在，但如果真的存在这样一个人，他的人生轨迹可能应该是在该年龄，且已经进入某知名院校后……证明了哥德巴赫猜想……很难想象拥有这个能力的人会思考保送清华北大的事……本人一介大学生，想象力有限，如果被打脸了，荣幸之至。
liang-guang-da-32 , 我知道这个问题下面有很多数学很好的人，包括题主。我数学不好，就不说数学的事了。但是我想说说语文的事，毕竟高中生偏科是不好的。”被清华北大数学系保送“这种说法是存在语病的，你可以作为保送生被清华北大数学系录取，但是保送你的是你的高中或者你们当地招生办等，就”保送“这个动作来说，你和清华北大数学系之间并无被动关系。我不知道清华北大数学系在录取一个证明了哥德巴赫猜想的高中保送生的时候是否还会在意他的语文成绩，但保险起见你在论证哥猜之余还是要给其他科目分一些精力的好。万一你费好大劲证明完哥猜最终却因为语文成绩不好被拒之门外，不就太可惜了。虽然这种可能性和高中生证明哥猜一样微乎其微。
guang-tong-di-guang , 那一月一日我们知乎见？占坑
deng-qing-37 , 凭什么他这种直钩都有这么多人上钩，我们辛辛苦苦（好吧只是突然）想出来各种精致（好吧只是随意）的问题却无人问津！
shou-xie-de-cong-qian-65-90 , 借用一下 @dhchen 的话，"大概是因为对于高考你的智商已经让你意识到了困难，但是面对哥猜，你的学识不足以让看你到其困难。这个脑子，不要说北大，上个本科都挺有难度的了。"我觉得对于学术，多少得怀一点敬畏之心，想吸眼球搏出名，有很多种方法，没什么要选择去证哥猜这种吃力不讨好的事情呢？
animus-97 , 你要真的证出来了直接估计能直接保送一个教授的位置给你，到时候你还嫌清华北大太low了呢。
 , 会。类似地有，“如果太阳从西边出来，那么天空会下银币雨。”这在逻辑学上是一个真命题。
 , 醒醒。证明哥德巴赫猜想，包揽菲尔兹奖，被N所名校聘为终身教授名誉院长，进入xx、xx、xx学术大会主席团，您讲话各位只有跪着默默复诵，亚洲脊梁，中国数学的希望...以高中之身证出，名垂青史，名列欧拉高斯之间，百年后您家成为xxx故居，瞻仰者车水马龙......北大数学系是什么玩意？这是因为没有数学专业博士的教育经历，证哥德巴赫猜想就像零装备游过太平洋一样靠谱。
chi-huo-84-77 , 首先你得是个秃头，我才相信你能证明哥猜
dang-ran-shi-lin-yun-er-liao , 不不不不能无脑黑万一穿越者对吧有可能是清北在数百年后发生什么危机需要回来拯救世界想用哥猜保送进去但忘记了哥猜在现在是个什么样的存在？？？（手动狗头）
 , 醒醒。证明哥德巴赫猜想，包揽菲尔兹奖，被N所名校聘为终身教授名誉院长，进入xx、xx、xx学术大会主席团，您讲话各位只有跪着默默复诵，亚洲脊梁，中国数学的希望...以高中之身证出，名垂青史，名列欧拉高斯之间，百年后您家成为xxx故居，瞻仰者车水马龙......北大数学系是什么玩意？这是因为没有数学专业博士的教育经历，证哥德巴赫猜想就像零装备游过太平洋一样靠谱。
 , 谢邀。不太想回答。瞟了一眼问题，有语病，说话的语气也不对，一个热爱数学且潜心其中的理科生一般不会用这种语气说话。至少在我看来，题主的数学涵养距离证明哥德巴赫猜想还有些远。认真地了解了一下题主，发现题主是真的觉得自己证明了哥德巴赫猜想。又看了看题主动态，大多数是关于数学，而且关注的内容也都很平庸。这不是一个天才该有的动态。问题下面有很多嘲笑的，我觉得大可不必。我是真的相信这个少年不可能证明得了哥德巴赫猜想，同时也真的不希望他在这个血气未定的年纪里热情被那么多人埋汰。高中生，又是这么个骄傲倔强的小伙子，是不可能轻易承认自己也只是个普通人的，自己一定要是非凡之人才合乎情理。我的回答可能没几个人看得到，看了一下高赞的评论区，觉得知乎还是挺友好的。希望到时候大家能蹲下来，与一个十几岁的少年平视。宽容一点，体谅一个少年的倔强，不要拿成人的阅历对一个对未来这么热情的一个小伙子进行严苛要求。说真的我有点喜欢这个小伙子。
hydra-80-38 , 我才意识到我一个学物理的掺合什么，就算我看了好像我就能看懂一样……
rickywen , 涨粉速度肉眼可见，来知乎三年的我已经哭了。蹲住这个问题。万一万一万一有那么一点点可能见证历史呢……退一万步，也就是一个中二少年，理性吃瓜当个乐吧，不至于公开处刑啊哈哈哈哈哈。至于保送啊……可以，但没必要(ㅍ_ㅍ)
butterfly-94-15 , 这么多批评声，我倒觉得挺期待的，先支持下，感觉很刺激。
 , 数学不是乱学，哥猜不是乱猜
 , 证明哥德巴赫猜想你特么居然还考虑清北?的保送?斯坦福、剑桥、哈佛排着队聘你当教授,华尔兹将提前收入囊中,史上最年轻的院士提前预定清北应该在发愁怎么才能聘请你
chen-zhen-yu-18 , 你能有本事证明哥德巴赫猜想，你会看得上北大清华?
xiang-bu-xiang-chi-xi-gua-56 , 如果你中了一千万，可不可以顿顿吃灌十个鸡蛋的鸡蛋灌饼？
zhang-xy-33 , 诺奖稳稳的，将来数学书上都能看到你，名垂青史了要。而且是高中这个年纪，开玩笑，清北这种学校也就只能偶尔请你去讲讲课，想要长聘那得看你高不高兴
sun-han-ke , 我觉得问题倒一下还比较靠谱如果保送清北能有资格去尝试证明哥德巴赫猜想吗
 , 极可能不会。如果你用比较简单的初等方法证明了这个猜想，如果证明是正确的，只能说这个问题是平凡的，在数学上没有多大的价值。因此，因为你的证明没有价值，所以这个很可能不会被保送。不过坏的方面是，以后数学爱好者的研究领域又少了一个。以下是原回答。我和题主一样也对这个命题非常感兴趣。曾经，我也以为自己证明了。不过，最后发现有点问题。当时也想： 为什么这么简单的初等证明，别人没有发现呢？于是想啊想啊，终于意识到，有一个步骤好像不对。虽然没有反例。但是这一步并没有证明。等再深入证明这一步的时候，发现非常难。然后上网，发现一个人也想证明哥德巴赫猜想，他16岁考入哈工大，如今靠低保度日 | 自从大三读了《哥德巴赫猜想》……而且他用了一生来研究这个问题。不过我肯定没有那么长时间。建议楼主反复查看自己的证明。是不是犯了和我一样的错误。下面是我未完成的，错误的证明。花了一个周末，专门搭建了latex环境，第一次通过Latex写数学公式，typo之类错误难免。题主将就看吧。我已经放弃研究这个问题了，也就不再修改了。鉴于好多大神围观，为了避免被大神嘲笑糟糕的英语和错误的Latex符号，选择匿名。
 , 题主的问题相当于，如果在武林大会上打败了鸠摩智，是不是就可以去少林寺学武功了。答：打败了鸠摩智，去应聘少林寺罗汉堂首座也是不是什么难事，但是更建议你自成一派去当灵鹫宫宫主。
cjj-97-40 , 证明了哥德巴赫猜想，多年以来的数学难题终于开花了，说到开花，我就想起中美合拍
xbc-85 , 前段时间有关于黎曼猜想的证明轰动了全世界，这次宣布证明黎曼猜想的数学家不是普通人，而是号称当今最伟大数学家的迈克尔 · 阿蒂亚，这位数学家曾经获得过数学界诺贝尔奖：菲尔兹奖和阿贝尔奖。然而呢？业内对此结果普遍怀疑，没有直接评错是对这位著作等身的老数学家老骥伏枥的尊重。         在这之后，陆续也有一些人宣称自己证明了黎曼猜想，在这之中最有名的就是北大教授李忠的证明，然而您听说过关于他证明结果的任何消息吗？没有消息结果很显然，他的证明是错误的。像您追求的北大中的这么厉害的教授依然面对这样的世纪猜想会感到无力。         我并不是要嘲笑您还是怎么的，这个世界真不是电影，路是一步一步走的，的确有很多天才，但他们再天才再年轻也是掌握了很多知识后才有成就的，高中的路谁没走过？那些初等数学的知识浅如皮毛，并且如果您进了大学之后会发现也许有时自己坚信的数学定理会与你学的知识互相矛盾或者只是其一个特殊到不能再特殊的特例，就算您到时候只是学了数学系的入门知识数学分析，高等代数，解析几何，初等数论等也会知道哥猜在整个数学体系中的地位。        也许您是天才，已经掌握了很多数学界的工具，真的证明了此猜想，那么我想那个证明不出来黎曼猜想的北大教授应该会对您推崇备至吧。“当筵意气凌九霄，星离雨散不终朝”。希望您不仅有这样的意气，也能有这样的实力，我们青年人不应妄自菲薄，确实应看的更远，胸怀大志，但也应该始终对自己有一个清醒的认识，不至于无知的说出一些不切实际的大话来，那未免有一些哗众取宠了。而且如果您的证明是错的，也不要气馁，毕竟您想上的北大中的教授面对这种等级的猜想也是折戟沉沙了，希望您能继续好好学习，高考考出一个好成绩更新我来说说为什么这么多人对题主不认同吧，我是一名数学系的学生，虽然目前相对来说数学水平刚处于入门地步。但即便是这样我也能模糊的理解哥猜在整个数学体系中的地位和意义，那些鼓励激励他的人应该都不是学数学的，可能大部分还是文科生，他们这种鼓励说实话有点唯心主义了。当然我不是抨击任何人，但是任何真正热爱数学的人是不会做出如题主这般行为的，因为这确实有哗众取宠的意思和骗取关注的意味。        正如我前文说的，再天才的人不管他们做出成就的时候多么年轻也是掌握了大量基础甚至非常前沿的知识后才做出突破的，而从题主前几天收藏的文章来看，他还在为高考的数学题型而费心，我不得不怀疑他数学的基础知识。如果题主真的要用初等数学的知识来证哥猜，那么我想这是对所有学数学的人的一种侮辱和打趣。         从徐迟对陈景润哥德巴赫猜想的报告文学发表至今，有不下万人已经从初等数学的各种角度来证哥猜，且不论他们被评为“民科”的言论，从事实上来说他们的确都失败了。那些冷嘲热讽的确实不应该，对此我也不太认同，但我相信大多数人是真心实意的在规劝题主。现在我对题主的问题回答一下吧:如果题主用初等数学的知识证明了哥猜，那毫无疑问会像大多数回答中说的那样不仅仅是获得保送清华北大的机会这么简单了，而是可能会直接被世界各大名校竞相聘为名誉教授和获得菲尔兹等各种数学大奖了。         然后呢？为什么我说很大可能会被聘为名誉教授呢？因为对于只有初等数学水平的题主，他们更需要的是一个精通各种前沿数学知识和工具的数学大师，到时他们只不过是要题主这个招牌罢了。如果题主真的是热爱数学至极，那么在获得了这些“名誉”之后实质上对于自身数学水平又有什么提高呢？名利对于真正喜欢数学的数学家而言恐怕真的不如获得一种解决一个数百年来都没有结果的猜想的方法更具诱惑力，在数学界一直有这样一句话:“如果可以用灵魂和魔鬼交换一样东西，那么将会有很多数学家前仆后继的去交换黎曼猜想的证明！”哥猜虽然近年来比之黎曼猜想地位有所降低，但他依然是数学皇冠上的明珠！         题主可能不知道，每一个著名猜想的解决，几乎都伴随着一种打破现有僵局的新思想的形成，都会有一些更先进更有创造性的数学工具的出现，都会推动数学向前进入一个新纪元。因为这些东西那么多著名猜想才被看做人类科学的巅峰，这才是也只能是这些猜想对于科学对于人类发展的本质意义。         年轻人是应该打破旧思想，敢闯敢干，但就像我前面说的那样，应该自始至终对自己的水平有一个认识，敢于接受批评和不足，否则最终就会变为那些“民科”。（虽然我对这个词汇现在被赋予的贬义也认为不妥，但实在找不出更适合的词了）         希望题主认真思考，1月1日争取拿出一个说服大多数知友的证明，当然，不一定对，但就像大多数答主说的那样，大家只会看你的认真和思考以及对数学的热爱，而不是希望看到你拿大家开涮或是因为一些追名逐利之事来骗取大家的关注。         在这之后注销这个知乎账号，备战高考，进去大学数学系，追求数学的更高殿堂，希望题主到时候可千万不要被数学系的课程难度打倒呀！（苦笑）
semilea , 我初中的时候也以为自己证明了哥德巴赫猜想嗯，我证了“1+1=2”
tian-xia-wu-shuang-38-8 ,     可能像我一样不想泼冷水的.没几个了呢。   我向来敬佩那些敢于在数学道路上不懈前行、勇攀高峰之人，更是对真诚的提出自己的看法，不在乎失败之后遭遇他人的讥讽与藐视的勇者分外珍惜。   哥德巴赫猜想是数学王冠的最璀璨的明珠，确实对于一名高中生来说，在该领域，肤浅且浮于表面的认知会极大的限制他的证明与思考。但能够提出自己的看法，同时不是“沽名钓誉”，我大概是不会赞同他的做法，但我会尊敬他的选择。    民科泛滥，多少“大师”自称解决各式难题，领域非常广泛，已经让大家们忍无可忍。前不久黎曼猜想被热烈讨论后，果不其然“涌现”出一大批“砖家學者”发表看法，自然也接收到了大家们“真诚的祝福”。他们多是认准自己的看法，坚持自己的看法，用不严密的证明与并不合理的推理逻辑，做出一个又一个伪证，自然为大家所不屑。然而对一名确确实实有一定想法、热爱数学的高中生，过分的苛责与嘲讽，或许并不必要。    1月1日，结果似乎已经十分明了，但我依然会尊重他，尊重他的行为。    说句实话 问题下面的许多答主，数学能力能不能达到题主的实力...还是另说，先来讥讽一顿算啥事。
cui-niao-19 , 看了一堆冷嘲热讽，没人做基础科学，一堆人吐槽“全学it.金融了！”。有人志在基础科学，又一堆喷子。
 , 当然。前提是你能真的证明出来。其实，平时没事时证明玩玩也没什么，不要担心被人说“民科”。在试图证明的过程里，你可以学到很多东西。肯定也会多方查阅这方面的资料，学到很多知识。为了了解那些知识和证明途径，你会主动去学些东西，认识到不足，也许最后你知难而退，但是你会因此学到很多东西。民科的讨厌其实不在于其业余研究本身，而是因为其中的很多人妄自尊大，对于知识过于傲慢，思维能力不足又不愿意承认，不去努力改善，对待知识不够谦逊，甚至有时明知道自己错了还要硬凹，把面子摆在知识的前面，等等。很多人并非真正讨厌民科，只是讨厌那种非理性的精神偏执，讨厌的是以天才自居而又拿不出真本事。否则的话，人人都有研究科学及数学的自由，不管你处于科学共同体的官方机构，还是业余爱好者。而旁观者，也最好不要动辄用“民科”这种贴标签、扣帽子的行为，一上来就对人做定性的否定，就好像知乎有些真正的科学回答，反被某些人一上来就骂“民科”，结果最后自己被打脸了。如果对方错了，可以实事求是指出错在哪里，就事论事，而不要一上来就扣民科的帽子，这行为很不好，并非真正的科学态度。总之，你要有兴趣证明，可以玩玩去，利用这个学点东西也是很好的。有些东西你要真的实践了，才知道真正问题所在。但一定要保持对知识的谦逊、开放态度，热衷于学习相关知识，准备工作要做好，多看点相关资料，不要急于图成。也许你原本要证明哥德巴赫猜想，结果在这过程里找到另外的更值得奋斗、也更为“现实”的目标及相关发现，也未可知。很多东西的发现是要由兴趣来驱动，不管你最初的兴趣是什么，至少要有一个兴趣，兴趣是一个切入点和引导，把你引向某个领域及相关联领域，使你真正沉浸进入。就好比我从小对女性身体感兴趣，现在我成了一个兽医（咳咳）。。。是怎么七转八转最终进入这领域的，一言难尽。但绝对是最初那一神秘的、看似不相关的兴趣作为最初驱动。。
liu-yu-tong-6-85 , 给我张小点的纸，我能用费马证明费马大定理的方法证明哥德巴赫猜想，然而清北根本不鸟我( •̩̩̩̩＿•̩̩̩̩ )手动狗头
la-la-la-4-25-46 , 这里有个简单的习题，你能解决的话也能上清北，哥猜都有了，有时间试试这个吧。任何一个正整数经过以下规则重复使用总能变成1：如果是偶数，减小一半。如果是奇数，乘3再加1。比如5-16-8-4-2-1
fu-ding-hei-liao-wo-de-wu-di , 你可以找个无月之夜的子时，找几百个教授一起围观，然后众目睽睽之下一起问问笔仙。我相信笔仙给的答案可信度更高一点
zhang-lin-an , 这种事情自己试试不就知道了，笑
zheng-le-86-98 , 第一，你的表述都有问题，应该是会被保送清华北大数学系吗？第二，你没见识，比清华北大数学系牛逼的多了去了。第三，我敢断定你连看懂哥德巴赫猜想都成问题，更别说证明了。
yuanbuff , 我相信这个世界上有天才，但我更相信几百年来无数数学家的呕心沥血。
larry-liu-11 , 这真是高中生被黑的最惨的一次了[手动捂脸]
yan-xin-12-94 , 等一哈你都证明了哥德巴赫猜想你却想着去清华北大？多没出息
ya-liu-suan-42 , 看了很多回答好人不少，坏人不乏。此回答不谈是否只想聊感想想自己进入大学后，天天埋头于不知所云。没有目标，没有激情，没有很早之前为止热血的东西。以前我也曾偏执的追求一些东西，初三熬三天夜证明一个五点共圆，高三熬七天夜写一篇小说参赛。无数次的改正无数次的否定，从来没有拦下我。一个高中生，严重的偏科不知道被多少人否定，就因为对数学偏执的喜爱，拼命的要证明自己，拼命的在去追求一些东西，真的，哪怕他失败了最后。私以为也强于一些在游戏休息间歇嗤笑他的人。所以，我很希望能够在元旦看到题主的成功。虽然概率不大，而且成功估计又是我们这群麻木的人们口中的另一个天才。但是啊，但是，证明吧，哪怕十之八九，请给我来一记响亮的巴掌。
xiao-yi-yao-14 , 我特么进来是看假如证明出来了会有什么样的待遇的，不是来看你们一个个列出鬼画符考验我的智商的！回答问题可以吗？！
 , 我竟然还看到有回答揪着那句1.1公布欢迎观看不放的。我作为一个数学从来没有及过格的文科生，虽然不懂你们在探讨什么高深的学术问题，但我不喜欢你们自以为是的幽默。
gao-ge-chui-zi-66 , 只要这个高中生想去就能。既然问题开脑洞了，那就接着脑洞畅想下去…首先，一个天才高中生在某期刊或者会议发表证明了“哥”的过程并被认可，然后全世界各大主流媒体轰炸式报道。第一批找上该天才的是记者，但是短暂的采访很快就会被打断，省市级领导的会面预约会被优先安排。领导向你保证家乡会给其最高的待遇，要求其保证就在地方科研相关机构。正教授是肯定的了，行政级别不太了解，说不定能直接入党，然后提拔到副处(也就是副院长)什么的。当天晚上就会受到国内各大高校终身教授的offer，当然包括清北，短信狂轰滥炸的一晚，包括之间互相爆料的内幕。如果这哥们不是北京人，几天之内就会受到中央领导人接见，提出的条件应该是清北的正教授，会有很好的行政级别，薪酬不一定能高过地方。让你保证一定要留在国内，这次不仅仅是利诱，很有可能伴随着威逼。和中央同一时间来的，还应该有世界各大名校的offer，大部分的国家提出的应该是巨额的薪酬，但像美俄这种强硬派，很有可能会有高级别人物邀约其举家移民，这时的利益很有可能让一个普通人烧坏脑子，然后答应其中一方的请求。看在少年天才的分上，没得到这哥们的势力，无论哪一国都会觉得留他不得。如果选择留在国内会被严格保护，但依然会经常有各种行刺手段。如果一念之差蒙了心答应国外，中国是绝对不会放人的，逮捕软禁是必须的，然后多国向中国施压要求放人，再接下来就是大国博弈了。其实这个脑洞最恐怖的地方不仅仅在于“哥”，而在于“高二“，要是个垂暮之人也就不说什么了，一辈子呕心沥血，即便天才至极，大限将至，几乎也就没什么剩余发挥空间了，但是一个十来岁的人，解决了数以百万计的精英束手无策的问题，给他几十年，鬼tm知道这哥们能整出多大一片天。
mu-mu-yida-hao , 愚公移山被智叟群嘲。会不会成为又一个典故？板凳已经搬好了。
jing-zhi-hu-82 , 有一个故事，二十年前，一个朋友问我，城里人是不是天天吃馒头蘸白糖？用了十年，他才知道城里人并不是天天“吃馒头蘸白糖”。又过了十年，他不开心的时候还是要吃一次馒头蘸白糖。他现在还是我的朋友，我没吃过馒头蘸白糖。
bu-er-99-34 , 不管怎样，我还是希望各位不要谋杀了一个新的灵魂。笔下留情。
yan-yu-69-74 , 就一句话，真的证明了会特聘你当教授
feng-qing-yun-37 , 愿网络暴力不要扼杀一个孩子对于数学的梦想。
lu-yu-86-75 , 那肯定啊，绝对保送数学系——教授！
wang-zheng-78-77 , 吸粉绝招，想做大V的人学着点。谢谢打开了我的思路，学到了 
infatuate-27 , 拙见。首先，证明哥德巴赫猜想需要的知识容量能不能在三年之内学完这是第一个问题。其次，这个东西的难度远高于数竞。如果你的目标是清北，那你大可以选择去数竞。又或者如果你的目标是证明哥德巴赫猜想，那你也应该搞数竞，因为考一个好的学校，好的教授来带领你，远胜过你独自研究三年失败后，然后别人花两年就赶超你。
jing-you-xin-sheng-96-97 , 会
mei-yitian-huan-le , 会的。真能证明出来，知乎将以你为荣。（2019年1月1号前，伪前排合照。）ฅ(*ơ ₃ơ)ฅ\"我做个预测：2019年1月1号，题主公布答案。2019年1月2号，题主被知乎封号。
larry-liu-11 , 这真是高中生被黑的最惨的一次了[手动捂脸]
wang-wang-46-16 , 这位同学的口气和在诸位回答下的留言来看 千万不要是被民科毒害就好
 , 显然，这个贴暴露出，绝大多数回答者都不是学数学的料，逻辑能力太差。题目给定条件是“如果高中生能证明哥德巴赫猜想”，问的是“被清华北大数学系保送”的真假。然而绝大多数人都在质疑那个条件。没有学过数理逻辑吗？正确的解答只有一个字：会。此题终结，下一题。
zhu-ce-17-70 , 耽搁我期末考试的时间吃瓜要是瓜不甜，我就打死你正经说的话一个有伟大成就的人首先是一个有敬畏之心的人他知道那些光辉闪耀的知识凝聚着多少伟人的智慧与努力然后踏着前人的足记，心怀敬畏，探索未知用题主所说的初等数学（高一高二）去证明哥德巴赫猜想要么哗众取宠要么坐井观天
xiao-xiao-xie-74 , 作为一个数学白痴，对那些真正的大神一直都保持举例，并作敬仰的态度。题主你居然告诉我，如果一个高中生能证明哥德巴赫猜的话，会不会保送清华北大？去清华北大都太可惜了好嘛。真的能够证明的话，可能世界上没有一个教授能教他真正的知识，顶多算是辅导。
jennyvenus , 我等会按时旁观
qing-chen-12-77 , 这个问题是不可判定的，因为它的题设是不可能成立的，所以它的结论不管是真还是假，这个蕴含（推理）都是真值，也就是说它的结论是不可判定。所以对这个问题的回答是没人知道。
yu-yue-de-hei-mao , 您如果能证明出哥德巴赫猜想，那可就不是报送清北这种小事了。北大数院院长应该立马退位让贤给您这位18岁证明哥德巴赫猜想的天才，这将是前院长先生这辈子对数学做出的最大贡献。在您的带领下，相信在2030年前就可以搞出可控核聚变，我国跑步进去共产主义。从此宝马汽车一百八，泰坦显卡十块仨。有生之年，知乎的诸位将会见证人类在您的带领下走向行星辰大海，哪怕三体星人来了都可以和他掰掰腕子。传奇的开始，就在2019年1月1日我觉的这段话改改可以用在您个人自传里。
dun-pai-74 , 一个世界，没有优秀的猜想是可悲的，有了优秀的猜想却不去证明是可耻的。明年年初，中美合证的哥德巴赫猜想证明即将发表，继承科学精神，弘扬数学魅力。文理两开花，希望大家多多关注。说到这个猜想的证明，你们年轻人都在笑，我是笑不出来，眼泪都在肚子里打转。
dang-ran-shi-lin-yun-er-liao , 不不不不能无脑黑万一穿越者对吧有可能是清北在数百年后发生什么危机需要回来拯救世界想用哥猜保送进去但忘记了哥猜在现在是个什么样的存在？？？（手动狗头）
chen-fang-wei-28-69 , 如果是真的，那上清华北大可真是委屈了，为何不称霸宇宙呢？如果觉得称霸宇宙是很可笑的说法，为何不觉得高中生证明哥德巴赫猜想同样可笑呢？如果真有这本事，就去问老师怎么发表论文公开你的证明，而不是在知乎上问这种低级问题。
guo-xiao-dong-83-62 , 我拼尽全力做了两个月公众号才达到5000个粉丝，结果他的几句话就在几天之内吸引了十多K关注。被秒杀的渣渣都不剩！不禁思考到底是该讽刺自己太笨还是该称赞他真是个营销天才。原来这世上真有不靠努力就可以实现所谓的成功！辛苦近两月的成果，和他相比，简直讽刺
123-64-15-67 , 几个月前，杀鱼弟喝百草枯自杀，知乎er说:没得救，你要相信我，回家等死吧知乎精英们不允许别人对自己的认知说一个不字。然而杀鱼弟现在还活着。虽然高中生能证明出的可能性很小，但是还是很希望知乎er能够再次被打脸 
guderain , 我权且当你是个高中生，我告诉你，如果你想保送，要么你的数学天赋真的是世间罕有，要么是成绩非常优秀。我不认为你证明出来了哥德巴赫猜想，我认为你也不是作秀。因此我认为你在知乎上会成为2019年第一个热点话题。
winsor-dutch , 提问者让我想起了哈代，是提问者是要做傻事还是有什么状况，有谁联系下知乎官方去看看他?就说不要太注意高考了，好好一个孩子给逼的......当然如果你头脑清醒，并且严肃认真，还是希望你发出来，正确性与否再谈，这种敢想敢做敢提问的精神很多大学生研究生也不具备。
shen-bai-se-18-88 , 清北没你想象的那么难，好好高考有机会的。。。如果非要保送，数学又好，可以参加竞赛和自主招生。不要浪费时间在一个现有初等数学能力下概率无限趋近零的事情上。如果这明显的付出和收益都算不清，去清北不适合，弄哥猜更是扯淡。燕园和清华园里长年累月有人号称自己证明了哥猜，但遭到了学术不公等等，开始还去聊一下，后来当成NPC，见到了绕着走避免浪费自己的时间。然后学生逐渐毕业，他们逐渐变老，有的散了，有的等下一批新生来满足自己的表达欲望。看不惯那些乱忽悠人的，定一个达不到的目标，又没有分解目标的能力，不是因为有梦想，只是懒和不负责而已。因为做不到，所以，可以瞎搞，可以把责任推给环境，可以不作为。
mei-yitian-huan-le , 会的。真能证明出来，知乎将以你为荣。（2019年1月1号前，伪前排合照。）ฅ(*ơ ₃ơ)ฅ\"我做个预测：2019年1月1号，题主公布答案。2019年1月2号，题主被知乎封号。
sun-han-ke , 我觉得问题倒一下还比较靠谱如果保送清北能有资格去尝试证明哥德巴赫猜想吗
 , 费马大定理 已经被证明了。提问者可以参考一下证明过程以及证明者的资历。如果谁（不管你是高中生还是初中生）能证明哥德巴赫猜想，那数学方面的造诣肯定不比其低，别说保送清华北大了，直接去其数学系任教时没问题的。
die-li-jiu , 当然可以。但我个人认为你不可能做到，至少现在不可能。最后，希望无论结果如何，你能一直保持对数学的这份热爱。
hua-duo-qi-ni-28 , 可以，但没有必要。
 , 这个问题就像——古代贫民想象皇帝的生活：要是我当上皇帝了，天天都有吃不完的肉夹馍……
bu-yao-cong-bu-yao-xiang-cai , 恕我直言，要是真能证明了哥德巴赫猜想，还上清华干嘛去？！
davidzhang-58 , 要是能证明，别说清华了，美国的最牛逼的高校都由你挑了，只是我想证明这个玩意，可能比考上这些学校要难很多！
mo-xiu-68-86 , 我很奇怪，只是有一个高中生说自己证明了哥德巴赫猜想并准备公布，为什么会有这么人批判他？请问他是打扰你了嘛？他是抢了你证明的机会吗？他只是想发表自己的证明，为什么要去骂他呢？恕我直言，骂他的人相当一部分可能连哥德巴赫猜想的真正内容都不知道。骂他，只是他们自以为是的认为高中生不可能做到这点，认为这人在吸引别人的目光而已。你凭什么认为他就一定做不到了？？？只是因为他年龄小？只是因为你自以为是的认定？安心的当个吃瓜群众不行吗？一个新星，无论它将在短暂灿烂之后陨落，又或是成功冉冉升起，能否对它努力去燃烧的过程表示该有的敬意？？？？如果你认为你自己不行，请别认为所有人都不行。哪怕最后证明他是错的，能不能不要站在自以为是的制高点上批判他？毕竟，你连尝试的勇气都未曾拥有。
li-guo-run-6 , 希望题主关照一下这位题主的表弟：我的表弟是初中生，他写了一篇关于数学的文章，并宣称自己未来十年将为该理论努力，求论证其价值？当然，这位表弟看起来比题主更加执着，人家已经为自己的研究之路定下了十年之期，而题主只想保送清北。
xue-fei-31-60 , 高中生的话，高考满分和证明哥德巴赫猜想，两件事硬要我选一件你可能做得到的，我选高考满分
yu-zhu-di-yin-qian-chang , 不管怎么样希望你热爱数学的初心不要变，不论结果怎样，你都比我们优秀的多，到时候请把证明论文发出来，大家一起看一下！谢谢
hydra-80-38 , 我才意识到我一个学物理的掺合什么，就算我看了好像我就能看懂一样……
 , 如果一个高中生真的能证明哥德巴赫猜想（前提是真的能，而不是自己觉得自己能），那他（或她）去不去北大清华数学系又有什么关系呢？
long-65-5 , 如果我能一拳爆星，我可以去小区门口当个保安吗？
 , 这个答案说会或者不会，其实都可以。说不会，因为这不符合教育部关于保送资格的认定。说会，因为你根本不可能做出来，所以即使基于上一条理由也不能算错。不过可以说的是，这个猜想要是做出来，势必导致一些新的理论创立和新的方法的引入，而且肯定不是抖机灵做出来的，一定是卷帙浩繁的脏活累活，一定足以改变当代人对于数论的认识。凭借这么一套奠基性的工作，只要别像Grothendieck那样到处胡说八道说疯话，估计在世界一流大学找个教授应该没什么问题，混几个数学界耳熟能详的奖励应该也没什么问题。不过我不太相信这是中学生做的事情，历史上还没有这样的先例。陈景润论文的理论并不抽象复杂，但是他的分析技巧是极度变态的，这就是他的生存之道。本学渣虽然知道他每一句话是什么意思，但是无法洞察陈景润先生的思路是什么样的，所以并不能很好的理解他的思想。但是目前看来，没有新的理论和观点来重新认识这个问题，几乎没什么做出来的希望。就像费马大定理一样，一个不定方程的整数解，居然用那么多奇奇怪怪不知所云的理论来理解才做的过去。我们不知道什么方法可以，但是我们知道，我们现有的方法不行，一定不行的，我确定。
xing-yong-wei , 唉，他开心就好了，反正也不危害他人。你们讲这么多， 他一句都听不进去的。
he-xu-le , 终于轮到我了，我是针象弟，大家有什么想问的?    针象弟 1-1   阅读   40000000泻药人在美国，刚下飞机，利益相关，我也不匿，如有雷同，请看头像。真相来了: 一高中生肾是无聊，于是乎畅想着关于大学的美好生活。喜欢玩汁乎，于是乎提问了:假如一个高中生证明了割菜，会不会被保送清北?没想到回答的人越来越多，蛤蛤蛤，于是乎趁鸡收割一波人气，蛤蛤蛤，于是乎某乎趁鸡置顶问题，蹭一波热度，毕竟年底了嘛，冲一下业绩。点亮或评论，转发有机会抽取针象弟穿了十年的战靴一双，亮我上去。转让更多人看到，不转不是中国人。贝弗利 点亮(58)   回复   查看回复(4000w)   转发(58585858)
jing-zhi-hu-82 , 有一个故事，二十年前，一个朋友问我，城里人是不是天天吃馒头蘸白糖？用了十年，他才知道城里人并不是天天“吃馒头蘸白糖”。又过了十年，他不开心的时候还是要吃一次馒头蘸白糖。他现在还是我的朋友，我没吃过馒头蘸白糖。
 , 如果你用计算机编程，然后凭借运气找出来一个反例。人们会觉得不错，高估了哥德巴赫猜想的难度，然后该干啥干啥。补充：目前人类已经验证到  都没有发现反例，但是没有人说必须从头开始验证。如果你自学了解析数论，加性数论等东西，那也不必指着保送了。如果你给了个有低级错误的证明，会让对方记黑名单。
luan-shi-qi-mai-ling-yun-qi , 世人见我恒殊调，闻余大言皆冷笑。宣父犹能畏后生，丈夫未可轻年少。我相信世上是有天才的。我也想公布一个大秘密，和题主一起公布，这个秘密能让我中华远迈汉唐，万国来朝。 要不，大家先打几块钱，支持下我。手动狗头 俗话说得好:我们要认识自己的平凡。当然，我就是朝菌，连晦朔都不知道。更别说什么哥德，什么巴赫了。听起来是个歪果仁的名字。老铁没毛病，666。不是想嘲讽，可是踏踏实实不好吗？
che-shen-17 , 你高看清北了，你要是能证出来并且能得到学术界认可，你就是下一个院士。
wang-tian-le-84-8 , 不是很理解你们为什么要抨击他？无论结果如何，作为一个高中生有这样的求知欲和行动力难道不足以得到人们的鼓励和夸奖吗？看到之前有个答案说证不好会被记黑名单我也不知道怎么想的。我们应该鼓励年轻人不怕犯错去勇敢尝试。大家怎么反倒变的这么刻薄。答主不管你正确与否（当然我也觉得正确的概率不大）希望你能坚持自我，保持求知欲和亢奋的头脑。
semilea , 我初中的时候也以为自己证明了哥德巴赫猜想嗯，我证了“1+1=2”
zhudouxiaole , "曾经年少爱追梦，一心只想往前飞"有一个人，曾经也是小学6年级就在自己给自己出不定积分题目的家伙，觉得自己应该好好在数学方面做出点东西才能不枉人生此行。唔，哥德巴赫猜想，就是你了。互联网不流行和搜索引擎还很弱的时代，找点书籍来看真的很困难。咬咬牙，找父母弄了个图书馆证（三四线城市并不是有那么多图书资源和馆藏资源的）。那是2000年。“行遍千山和万水，一路走来不能回“匆匆忙忙走到高中，一路遍体鳞伤，发现自己缺乏做题效率，考试容易卡壳，不适合数学这种做题思路变化多端容易被卡的学科，遂高中选择放弃数学竞赛而选择了物理竞赛。然而物理竞赛也因为同学间恶意竞争+个人问题最终选择了放弃（还真的不是借口）。高考数学满分但是理综化学丢了一道20分的题，他去了XX大学～软件工程系，当时那个分数确实有点尴尬不过从此和软件开发结缘。那是2005年。“蓦然回首情已远，身不由已在天边“毕业那年前一年遇到了金融危机，十分难找工作，不咸不淡的找了个工作，心思也是安定不下来。横了一下心，1年后又回XX大学读研。工作忙没什么功夫准备考研，取了个巧，入学还是软件工程专业，但是实际导师是另外一个院，研究通信编码相关理论。那是2011年。“才明白爱恨情仇，最伤最痛是后悔“虽然说多少年来一直没有放弃对数学的关注，但是当选择了通信编码的“代数编码”相关方向时，才又知道自己其实离数学殿堂的门很远了：各种恶补图论，测度论，随机过程，抽象代数相关的 群论 有限域 ....还有比较入门的代数几何。导师也是研究工作能进一些教科书的人，不过很看重学生的软件开发技能在结论的仿真验证上面的使用。每当给他请教一些挺复杂的理论问题明显是试图在解决一些学术界未解决的问题时，导师除了指导之外，也不时说说：“XX，我也曾经认为自己是要做一点事情的人，但是我也相信绝大多数人都不行，因为我们甚至没法知道我们打算花时间去突破的方向到底需要使用哪些知识，自己有没有能力去掌握这些知识...”研究生毕业了，他还是选择了软件工作。不过谁让那一代的中国孩子，具有当科学家梦想的比例全球最高呢？研究生时代研究工作的圆满给了他足够的信心，在繁忙之余依然关注信源压缩和信道编码相关的最新论文进展，还精心挑选了几个目前看起来可以用比较“初等”（注意不同level的人对初等的定义千差万别）的数学知识就能突破（注意不是解决）的问题一直在默默研究。“如果你不曾心碎， 你不会懂得我伤悲“即使受过比较专业的研究训练，他也曾经有过谬喜，以为自己解决了一个大问题，然而花了一个多月的时间来从其它方向来做推衍辅证和确认（即假设自己推导中的结论或中间结论成立时，能够推导出其它方向什么新结果。如果能推导出不可能的结果，显然证明有误。此外往往能精炼或抽象化自己的前期工作），却发现在一个基础的随机方法的概率证明上有无法弥补的漏洞。原本都开始打算提笔写论文的他怒而把latex软件在2个电脑上都删了。。 其实和误以为自己怀孕最后发现没有的那种失望差不多，不过他还算低调，还没来得及找原导师或师兄探讨过他的solution，不然失望估计会更大。之后至少有18个月没有看论文了吧，可怜的孩子，，不过老天爷赐给他了一个女友～～女友帮他搬家的时候翻出来打印的20多斤论文。。2018年10月？“当我眼中有泪 别问我是为谁就让我忘了这一切。。“以上是一个孤独的老男孩某天的自言自语，和问题主的“哥德巴赫”经历曾经有过相同的起点，，最终也不过只是一个蛮有意思的开局。是啊，大不了，“被清华北大数学系保送“？
ban-xi-wan-zi , 看到很多答主都说作为一个高中生应该怎样怎样……我并不是十分认同这句话，高中生是题主的身份。但是这个身份之前的事题主这个人本身，如果题主确实是一个热爱数学并愿意为之努力的少年，我想说，做你自己是最幸福的。哥猜证明的难度有目共睹，但凡有万分之一的机会我都想题主是真的证明出来了。题主要明白自己的路该怎么走，不偏执不妄念，不后悔不回头。不论真与假，愿世界给予你最大的善意。
fu-ding-hei-liao-wo-de-wu-di , 你可以找个无月之夜的子时，找几百个教授一起围观，然后众目睽睽之下一起问问笔仙。我相信笔仙给的答案可信度更高一点
deng-xian-tao-78 , 如果一个对高等数学工具没有深刻体会的人(无论高中生还是本科生)证明出来了哥德巴赫猜想，那是对自欧拉以来的所有做数学的人的赤裸裸的侮辱，甚至是对人类文明和人类作为高等生物的整体智慧的侮辱。
 , 瓜还没熟透，闲聊几句…网络上嘲讽之声不绝于耳，还编出了各种类似问题…不是说不能质疑题主的能力，但是他的证明还没公布就冷嘲热讽，这种现象和题主吊众人胃口一样，都不是什么值得鼓励的事情…我只是觉得题主真正让人嗤鼻的是他故意卖关子…（阿提亚爵士也做过这事，但他是在会议上公布，合情合理啊…）当然，这一举动也说明，他还不是个民科，因为后者巴不得尽早得到他人认可，尤其是金字塔顶端那些人的认可，而题主却想把证明先丢给金字塔中下层的这群人…这么看来，他不过是个不懂事的孩子…这件事里，孩子没有孩子的样子，大人也没有大人的样子…但孩子终究是孩子，他的时间还长的很，还有大把机会纠正错误…大人们呢…一次说了这么多人，匿名了…
 , 谢邀这是哥猜在知乎被黑的最惨的一次
jeremy-lau-27 , 钩这么直，饵这么咸的一个炸鱼问题，还有这么多人上钩？保不准这题主是来做什么社会心理学实验的呢。
wang-wang-46-16 , 这位同学的口气和在诸位回答下的留言来看 千万不要是被民科毒害就好
ba-zhe-heng-lan-61 , 你这也太low了吧，才玩到哥德巴赫猜想？我1月1号都要公开用实验证明牛顿第一定律客观存在了  
kim-young-71 , 这么简单就不会两百多年都没人解出来，不要小看了数论的难度。估计这世界上都没有解决哥德巴赫猜想的知识体系。高中随随便便解出来，想多了。立贴为证。从对数学的发展历史来看，想解决数论这种问题一定是一般性的类似抽象代数，和泛函分析这样的高级抽象方法。想要用初等方法解决，肯定是死路一条。
 , 到目前为止，被全世界所承认的还没有吧，但是陈景润算的上是最接近的那一个人，因此在数学之上成就就是斐然了。陈景润的工作是用筛法证明了任何一个大的偶数都是一个素数和一个不超过两个素数乘积之和，形式上表示就是所谓的“1+2”。至今没有人证明歌德巴赫猜想，也就是： 任何一个大于4的偶数都是两个奇素数之和，即所谓的“1+1”，不是什么所谓的证明1+1=2。陈景润的工作是把当年苏联数学家Vinogradov的工作做了极大的创新和改进。在纯数学领域可以说这是additive number theory最漂亮的结果之一，对于素数分布有很广的意义。在应用方面，凡是关于素数结构的结果基本都可以用来做密码，至于密码对于现代社会的重要性，我想不言自喻。希望完全不懂数论的人不要妄加评论，即使要评，也要说实话。
wang-xiao-ming-16-50 , 这个猜想现在过时了。建议去搞一下霍奇猜想，或者p＝np。
buzhi1m6 , 题主要1月1号公布证明？凑个热闹。
semilea , 我初中的时候也以为自己证明了哥德巴赫猜想嗯，我证了“1+1=2”
